store_name,store_number,address,address2,city,state,zip_code,country,phone_number,latitude,longitude,store_hours,store_type,other_fields,coming_soon
birmingham,,2700 13th St ,,Ensley Birmingham ,AL,35208,United States,,,,,,,
augusta,,3444 Milledgeville Rd ,,Augusta ,GA,30909,United States,,,,,,,
atlanta,,16 Overmeyer Way Suite B ,,Forest Park ,GA,30297,United States,,,,,,,
atlanta,,485 Horizon Drive Suite 100 ,,Suwanee ,GA,30024,United States,,,,,,,
atlanta,,3407 Florence Circle ,,Powder Springs ,GA,30127,United States,,,,,,,
port-st-lucie,,3101 Skyway Circle ,,Melbourne ,FL,32934,United States,,,,,,,
port-st-lucie,,601 Northwest Mercantile Place Port ,,Saint Lucie ,FL,34986,United States,,,,,,,
orlando,,3240 Flightline Dr ,,Lakeland ,FL,33811,United States,,,,,,,
orlando,,601 Gills Drive Suite 120 ,,Orlando ,FL,32824,United States,,,,,,,
orlando,,350 University Ct ,,Longwood ,FL,32750,United States,,,,,,,
sarasota,,573 Paul Morris Drive ,,Englewood ,FL,34223,United States,,,,,,,
sarasota,,11891 Amedicus Lane ,,Ft Myers ,FL,33907,United States,,,,,,,
sarasota,,6791 28th St Cir ,,East Sarasota ,FL,34243,United States,,,,,,,
tallahassee,,1600 Commerce Blvd ,,Midway ,FL,32343,United States,,,,,,,
palm-beach,,9419 W Commercial Blvd ,,Fort Lauderdale ,FL,33321,United States,,,,,,,
palm-beach,,4000 N. Dixie Hwy. Suite 300 ,,Pompano Beach ,FL,33064,United States,,,,,,,
palm-beach,,3200 NW 67th Ave. # 4 Suite 400 ,,Miami ,FL,33166,United States,,,,,,,
palm-beach,,5479 Leeper Dr Unit A ,,West Palm Beach ,FL,33407,United States,,,,,,,
pensacola,,8161 Briese Ln ,,Pensacola ,FL,32514,United States,,,,,,,
milwaukee,,445 W Oklahoma Ave ,,Milwaukee ,WI,53207,United States,,,,,,,
milwaukee,,4617 Femrite Drive ,,Madison ,WI,53716,United States,,,,,,,
vancouver,,5350 Byrne Road,,Burnaby,BC,V5J 3J3,Canada,,,,,,,
toronto,,"1245 Franklin Blvd,Unit C",,Cambridge,ON,N1R 8B7,Canada,,,,,,,
toronto,,1680 Drew Road,,Mississauga,ON,L5S 1J6,Canada,,,,,,,
toronto,,240 South Blair St.,,Whitby,ON,L1N 0G3,Canada,,,,,,,
ottawa,,"2750 Sheffield Rdd,Unit 140",,Ottawa,ON,K1B 3V9,Canada,,,,,,,
ottawa,,103 Willowlea Rd.,,Carp,ON,K0A 1L0,Canada,,,,,,,
montreal-en,,2575 Rue Debray,,Laval,QC,H7S 2J4,Canada,,,,,,,
jacksonville,,5941 Richard Street ,,Jacksonville ,FL,32216,United States,,,,,,,
jacksonville,,180 Bronz Glow Way ,,Saint Augustine ,FL,32095,United States,,,,,,,
jacksonville,,8498 Mallory Rd ,,Jacksonville ,FL,32220,United States,,,,,,,
winnipeg,,"1725 Inkster Blvd,Unit C",,Winnipeg,MB,R2X 1R3,Canada,,,,,,,
halifax,,65 Gloria McCluskey Ave.,,Dartmouth,NS,B3B 2Z3,Canada,,,,,,,
calgary,,5555 69th Avenue SE,,Calgary,AB,T2C 4Y7,Canada,,,,,,,
edmonton,,18170 109thAve,,Edmonton,AB,T5S 1V4,Canada,,,,,,,
washington-dc,,1811 Cabin Branch Dr. Suite 400 ,,Hyattsville ,MD,20785,United States,,,,,,,
washington-dc,,4510 Buckystown Pike Suite J ,,Frederick ,MD,21704,United States,,,,,,,
washington-dc,,8422 Wellington Rd ,,Manassas ,VA,20109,United States,,,,,,,
spokane,,3808 N Sullivan Road BLDG # 33 ,,Spokane ,WA,99216,United States,,,,,,,
newisconsin,,1840 W Spencer St ,,Appleton ,WI,54914,United States,,,,,,,
newisconsin,,201 S. Pearl Street ,,Green Bay ,WI,54303,United States,,,,,,,
seattle,,2341 South 208th St Suite D ,,Des Moines ,WA,98198,United States,,,,,,,
seattle,,6617 Associated Blvd Suite 200 ,,Everett ,WA,98203,United States,,,,,,,
virginia-beach,,103 E St ,,Hampton ,VA,23661,United States,,,,,,,
virginia-beach,,4816 PODS WAY ,,Chesapeake ,VA,23320,United States,,,,,,,
shenandoah-valley,,220 Victory Road ,,Winchester ,VA,22602,United States,,,,,,,
roanoke,,3726 Thirlane Road ,,Roanoke ,VA,24019,United States,,,,,,,
tyler,,1601 West Cotton ,,Longview ,TX,75604,United States,,,,,,,
tyler,,4605 Candy Ln ,,Tyler ,TX,75701,United States,,,,,,,
salt-lake-city,,2464 S 6577W Suite D ,,West Valley City ,UT,84128,United States,,,,,,,
lubbock,,8708 FM 1585 ,,Wolfforth ,TX,79382,United States,,,,,,,
texarkana,,3800 Picoma Dr ,,Texarkana ,TX,75501,United States,,,,,,,
tampa-bay,,4050 Louis Ave ,,Holiday ,FL,34691,United States,,,,,,,
tampa-bay,,15635 Hudson Ave ,,Spring Hill ,FL,34610,United States,,,,,,,
tampa-bay,,1871 Massaro Blvd ,,Tampa ,FL,33619,United States,,,,,,,
tampa-bay,,3705 62nd Ave N ,,Pinellas Park ,FL,33781,United States,,,,,,,
richmond,,3021 Vernon Rd ,,Richmond ,VA,23228,United States,,,,,,,
columbus-ga,,3406 S Railroad St ,,Phenix City ,AL,36867,United States,,,,,,,
san-antonio,,5411 IH-10 E Suite 102 ,,San Antonio ,TX,78219,United States,,,,,,,
san-antonio,,2821 Leah Ave. ,,San Marcos ,TX,78666,United States,,,,,,,
ocala-gainesville,,1501 SW 44th Ave ,,Ocala ,FL,34474,United States,,,,,,,
dallas,,2200 Luna Rd Suite 180 ,,Carrollton ,TX,75006,United States,,,,,,,
dallas,,7555 Jack Newell Blvd S ,,Fort Worth ,TX,76118,United States,,,,,,,
dallas,,2040 Redbud Blvd Bldg D Suite 130 ,,Mc Kinney ,TX,75069,United States,,,,,,,
dallas,,600 Smith St Bldg 3 ,,Denton ,TX,76205,United States,,,,,,,
mcallen,,22219 Mines Rd. ,,Laredo ,TX,78045,United States,,,,,,,
mcallen,,615 Blaze Blvd ,,Edinburg ,TX,78539,United States,,,,,,,
beaumont,,3250 Interstate 10 S ,,Beaumont ,TX,77705,United States,,,,,,,
austin,,2251 Picadilly Drive Suite C-380 ,,Round Rock ,TX,78664,United States,,,,,,,
el-paso,,50 Walter Jones Blvd Suite 4 ,,El Paso ,TX,79906,United States,,,,,,,
houston,,3710 S Sam Houston Pkwy E ,,Houston ,TX,77047,United States,,,,,,,
houston,,18804 Kenswick Dr. ,,Humble ,TX,77338,United States,,,,,,,
college-station,,202 West 15th St. ,,Bryan ,TX,77806,United States,,,,,,,
college-station,,314 South 5th Street ,,Temple ,TX,76504,United States,,,,,,,
corpus-christi,,701 Power Street ,,Corpus Christi ,TX,78401,United States,,,,,,,
nashville,,427 McNally Dr ,,Nashville ,TN,37211,United States,,,,,,,
nashville,,433 Allied Dr ,,Nashville ,TN,37211,United States,,,,,,,
columbia,,2118 Commerce Drive ,,Cayce ,SC,29033,United States,,,,,,,
knoxville,,10155 Gallows Point Dr ,,Knoxville ,TN,37931,United States,,,,,,,
sioux-falls,,1801 N. Terin Cir. ,,Sioux Falls ,SD,57107,United States,,,,,,,
providence,,185 Compass Circle North ,,Kingstown ,RI,02852,United States,,,,,,,
charleston,,7704 Southrail Rd ,,North Charleston ,SC,29420,United States,,,,,,,
charleston,,2550 Hwy 52 ,,Moncks Corner ,SC,29461,United States,,,,,,,
greenville,,129 Michelin Ct ,,Piedmont ,SC,29673,United States,,,,,,,
pittsburgh,,280 Leetsdale Industrial Dr Building 200 ,,Leetsdale ,PA,15056,United States,,,,,,,
pittsburgh,,9100 Commerce Circle ,,Trafford ,PA,15085,United States,,,,,,,
scranton,,1 Passan Drive Building # 1 ,,Wilkes Barre ,PA,18702,United States,,,,,,,
lehigh-valley,,125 Green Tree Rd Suite 40 Valley Forge Dist Ctr ,,Phoenixville ,PA,19460,United States,,,,,,,
lehigh-valley,,6 Berry Drive ,,Lumberton ,NJ,08048,United States,,,,,,,
lehigh-valley,,299 Anchor Mill Rd ,,New Castle ,DE,19720,United States,,,,,,,
memphis,,4791 Burbank Rd ,,Memphis ,TN,38118,United States,,,,,,,
chattanooga,,4210 Oakland Avenue ,,Chattanooga ,TN,37410,United States,,,,,,,
medford,,1820 Antelope Road ,,White City ,OR,97503,United States,,,,,,,
eugene,,2050 Cross Street ,,Eugene ,OR,97402,United States,,,,,,,
portland-oregon,,12474 SE Capps Road Building D ,,Clackamas ,OR,97015,United States,,,,,,,
portland-oregon,,15805 N Lombard Bldg 5 ,,Portland ,OR,97203,United States,,,,,,,
portland-oregon,,29899 SW Boones Ferry Rd Unit 400 ,,Wilsonville ,OR,97070,United States,,,,,,,
bethlehem,,1550 Lehigh Drive West ,,Easton ,PA,18042,United States,,,,,,,
johnson-city,,1004 Quality Circle Gray ,,,TN,37615,United States,,,,,,,
cleveland,,9455 Rosemont Dr ,,Streetsboro ,OH,44241,United States,,,,,,,
cleveland,,8500 Clinton Road ,,Cleveland ,OH,44144,United States,,,,,,,
columbus,,3241 Centerpoint Dr ,,Grove City ,OH,43123,United States,,,,,,,
raleigh,,8701 Fleet Service Dr ,,Raleigh ,NC,27617,United States,,,,,,,
raleigh,,1209 West Market St. ,,Smithfield ,NC,27577,United States,,,,,,,
toledo,,315 Matzinger Road ,,Toledo ,OH,43612,United States,,,,,,,
toledo,,3610 Centennial Drive ,,Fort Wayne ,IN,46808,United States,,,,,,,
oklahoma-city,,6601 S Air Depot Blvd Suite A ,,Oklahoma City ,OK,73135,United States,,,,,,,
tulsa,,10541 East Ute Street ,,Tulsa ,OK,74116,United States,,,,,,,
west-charlotte,,10240 Western Ridge Road Suite M ,,Charlotte ,NC,28273,United States,,,,,,,
myrtle-beach-wilmington,,370 Allied Dr Suite 11 ,,Conway ,SC,29526,United States,,,,,,,
myrtle-beach-wilmington,,312 Raleigh St ,,Wilmington ,NC,28412,United States,,,,,,,
asheville,,144 Caribou Road ,,Asheville ,NC,28803,United States,,,,,,,
eastern-greenville,,1120 Mumford Rd. ,,Greenville ,NC,27834,United States,,,,,,,
fayetteville,,1001 S Reilly Rd Suite 217 Reilly Road ,,Ind Park Fayetteville ,NC,28314,United States,,,,,,,
syracuse,,4490 Steelway Boulevard ,,South Liverpool ,NY,13090,United States,,,,,,,
staten-island,,999 South Oyster Bay Road ,,Bethpage ,NY,11714,United States,,,,,,,
staten-island,,4062 Grumman Blvd. ,,Calverton ,NY,11933,United States,,,,,,,
staten-island,,9429 165th St. ,,Jamaica ,NY,11433,United States,,,,,,,
staten-island,,120 Spagnoli Road ,,Melville ,NY,11747,United States,,,,,,,
piedmont-triad,,810-B Radar Road ,,Greensboro ,NC,27410,United States,,,,,,,
charlotte,,10240 Western Ridge Rd Suite M ,,Charlotte ,NC,28273,United States,,,,,,,
albuquerque,,2501 Karsten Court SE ,,Albuquerque ,NM,87102,United States,,,,,,,
harrisburg,,1011 AIP Drive ,,Middletown ,PA,17057,United States,,,,,,,
albany,,Northeastern Industrial Park 2 Van Buren Blvd Bldg 21 ,,Guilderland Center ,NY,12085,United States,,,,,,,
central-new-jersey,,100 Readington Rd. ,,Branchburg ,NJ,08853,United States,,,,,,,
central-new-jersey,,299 Mill Road ,,Edison ,NJ,08837,United States,,,,,,,
rochester,,105 McLaughlin Road ,,Rochester ,NY,14615,United States,,,,,,,
hudson-valley,,22 Riverview Drive ,,Marlboro ,NY,12542,United States,,,,,,,
hudson-valley,,618 Corporate Way ,,Valley Cottage ,NY,10989,United States,,,,,,,
reno,,1280 Icehouse Avenue # B ,,Sparks ,NV,89431,United States,,,,,,,
northern-new-jersey,,8 Park Drive ,,Franklin ,NJ,07416,United States,,,,,,,
northern-new-jersey,,100 Division Street ,,Boonton ,NJ,07005,United States,,,,,,,
buffalo,,2475 George Urban Boulevard ,,Depew ,NY,14043,United States,,,,,,,
las-vegas,,4550 Engineer Way Suite 106 ,,North Las Vegas ,NV,89081,United States,,,,,,,
jackson,,302 Priester Dr ,,Pearl ,MS,39208,United States,,,,,,,
new-jersey,,100 Central Avenue Gateway Bldg # 8 ,,Farmingdale ,NJ,07727,United States,,,,,,,
new-jersey,,51 West Park Ave. ,,Vineland ,NJ,08360,United States,,,,,,,
springfield,,4400 S Timbercreek Ave ,,Battlefield ,MO,65619,United States,,,,,,,
hattiesburg,,182 Rawls Springs Loop Rd ,,Hattiesburg ,MS,39402,United States,,,,,,,
omaha,,11831 Centennial Road ,,La Vista ,NE,68128,United States,,,,,,,
southeastern-michigan,,1709 Thompson St. ,,Lansing ,MI,48906,United States,,,,,,,
southeastern-michigan,,6700 East 14 Mile Road ,,Warren ,MI,48092,United States,,,,,,,
southeastern-michigan,,36501 Van Born Rd. Suite 110 ,,Romulus ,MI,48174,United States,,,,,,,
gulfport-biloxi,,4493AA Ave ,,Long Beach ,MS,39560,United States,,,,,,,
portland-maine,,1 Madison Street ,,Portland ,ME,04106,United States,,,,,,,
grand-rapids,,2950 Prairie St SW Suite 200 ,,Grandville ,MI,49418,United States,,,,,,,
minneapolis,,7035 Winnetka Avenue Suite A ,,Brooklyn Park ,MN,55428,United States,,,,,,,
minneapolis,,980 Aldrin Dr ,,Eagan ,MN,55121,United States,,,,,,,
baltimore,,7575 Washington Blvd ,,Elkridge ,MD,21075,United States,,,,,,,
baltimore,,9611 Pulaski Park Dr Suite 309 ,,Baltimore ,MD,21220,United States,,,,,,,
boston,,140 Burke St ,,Nashua ,NH,03060,United States,,,,,,,
boston,,1 Burlington Ave ,,Wilmington ,MA,01887,United States,,,,,,,
boston,,625 University Ave. ,,Norwood ,MA,02062,United States,,,,,,,
st-louis,,3601 Rider Trail S ,,Earth City ,MO,63045,United States,,,,,,,
baton-rouge,,814 SW Evangeline ,,Thruway Lafayette ,LA,70501,United States,,,,,,,
baton-rouge,,1301 Sams Ave ,,Harahan ,LA,70123,United States,,,,,,,
baton-rouge,,2056 Wooddale Blvd ,,Baton Rouge ,LA,70806,United States,,,,,,,
kansas-city-missouri,,14101 Norby Rd ,,Grandview ,MO,64030,United States,,,,,,,
louisville,,1841 Taylor Ave ,,Louisville ,KY,40213,United States,,,,,,,
des-moines,,6037 NE Industry Dr. ,,Des Moines ,IA,50313,United States,,,,,,,
des-moines,,10950 High Life Ct SW Suite 100 ,,Cedar Rapids ,IA,52404,United States,,,,,,,
wichita,,6110 N Prospect Rd ,,Park City ,KS,67219,United States,,,,,,,
lexington,,551A Horton Court ,,Lexington ,KY,40511,United States,,,,,,,
lexington,,575B Horton Ct ,,Lexington ,KY,40511,United States,,,,,,,
dayton,,3791 Lake Park Dr. ,,Ft Mitchell ,KY,41017,United States,,,,,,,
dayton,,3023 E Kemper Rd. Bldg 4 ,,Cincinnati ,OH,45241,United States,,,,,,,
dayton,,480 E Dixie Dr ,,Dayton ,OH,45449,United States,,,,,,,
alexandria,,11780 Lake Charles Hwy ,,Leesville ,LA,71446,United States,,,,,,,
alexandria,,700 McKeithen Dr ,,Alexandria ,LA,71303,United States,,,,,,,
shreveport,,9101 Slack Road ,,Shreveport ,LA,71106,United States,,,,,,,
oahu,,1730 Kittyhawk St. ,,Kapolei ,HI,96707,United States,,,,,,,
oahu,,799 Kahelu Avenue ,,Mililani ,HI,96789,United States,,,,,,,
savannah,,5510 Export Blvd ,,Savannah ,GA,31408,United States,,,,,,,
peoria,,2439 South Main St. ,,Bloomington ,IL,61704,United States,,,,,,,
peoria,,6718 W Plank Rd ,,Peoria ,IL,61604,United States,,,,,,,
chicago,,1120 N Ellis St ,,Bensenville ,IL,60106,United States,,,,,,,
chicago,,900 Windham Parkway ,,Bolingbrook ,IL,60440,United States,,,,,,,
chicago,,2794 Spectrum Drive ,,Elgin ,IL,60124,United States,,,,,,,
daytona,,1590 Jimmy Ann Dr ,,Daytona Beach ,FL,32117,United States,,,,,,,
dover,,631 Ridgely St Suite 10 ,,Dover ,DE,19904,United States,,,,,,,
dover,,510 West Road Suite 300 Gate 2 ,,Salisbury ,MD,21801,United States,,,,,,,
boise,,4719 S Market Street ,,Boise ,ID,83705,United States,,,,,,,
macon,,299 Casablanca Dr ,,Macon ,GA,31217,United States,,,,,,,
hartford,,95 Leggett St ,,East Hartford ,CT,06108,United States,,,,,,,
hartford,,28 Tyburski Rd ,,Ludlow ,MA,01056,United States,,,,,,,
hartford,,100 Wheeler St ,,New Haven ,CT,06512,United States,,,,,,,
hartford,,39 Business Park Dr ,,Bristol ,CT,06010,United States,,,,,,,
boulder,,6303 Dry Creek Parkway ,,Longmont ,CO,80503,United States,,,,,,,
ventura,,3042 Industrial Pkwy Suite 106 ,,Santa Maria ,CA,93455,United States,,,,,,,
ventura,,301 S Rose Ave Suite 104 ,,Oxnard ,CA,93030,United States,,,,,,,
colorado-springs,,722 Clark Pl ,,Colorado Springs ,CO,80915,United States,,,,,,,
granite-city,,22 Gateway Commerce Center Dr Suite 104 ,,Edwardsville ,IL,62025,United States,,,,,,,
indianapolis,,9325 East 33rd Street ,,Indianapolis ,IN,46235,United States,,,,,,,
salinas,,1057 Montague Court ,,Milpitas ,CA,95035,United States,,,,,,,
salinas,,3000 S. Dutton ,,Santa Rosa ,CA,95407,United States,,,,,,,
salinas,,5000 Park Road ,,Benicia ,CA,94510,United States,,,,,,,
salinas,,10800 Ocean Mist Parkway ,,Castroville ,CA,95012,United States,,,,,,,
salinas,,21001 Cabot Blvd ,,Hayward ,CA,94545,United States,,,,,,,
fresno,,2855 S. Elm St. Suite 110 ,,Fresno ,CA,93706,United States,,,,,,,
denver,,3500 N Windsor Dr Suite 300 ,,Aurora ,CO,80011,United States,,,,,,,
denver,,21110 E 31st Circle ,,Aurora ,CO,80011,United States,,,,,,,
bakersfield,,4615 Grissom ,,Bakersfield ,CA,93313,United States,,,,,,,
central-arkansas,,2112 145th St ,,Little Rock ,AR,72206,United States,,,,,,,
los-angeles,,25392 Commercecenter Dr. ,,Lake Forest ,CA,92630,United States,,,,,,,
los-angeles,,220 East Stanley St ,,Compton ,CA,90220,United States,,,,,,,
los-angeles,,4450 Edison Ave. ,,Chino ,CA,91710,United States,,,,,,,
los-angeles,,710 Palmyrita Ave Suite D ,,Riverside ,CA,92507,United States,,,,,,,
los-angeles,,14093 Balboa Blvd Unit B ,,Sylmar ,CA,91342,United States,,,,,,,
los-angeles,,7900 Nelson Road ,,Van Nuys ,CA,91402,United States,,,,,,,
sacramento,,5001 Bailey Loop ,,McClellan ,CA,95652,United States,,,,,,,
sacramento,,6271 Florin Perkins Rd ,,Sacramento ,CA,95828,United States,,,,,,,
stockton,,2301 W Louise Ave # 110 ,,Manteca ,CA,95336,United States,,,,,,,
phoenix,,2160 W Broadway Rd Suite 105 ,,Mesa ,AZ,85202,United States,,,,,,,
phoenix,,700 S. 94th Ave. ,,Tolleson ,AZ,85353,United States,,,,,,,
tucson,,6161 S Palo Verde Rd ,,Tucson ,AZ,85706,United States,,,,,,,
san-diego,,2858 Loker Ave E Ste. 200 ,,Carlsbad ,CA,92008,United States,,,,,,,
san-diego,,2402 Main St Suite B ,,Chula Vista ,CA,91911,United States,,,,,,,
san-diego,,7385 Mission Gorge Road Suite B ,,San Diego ,CA,92120,United States,,,,,,,
northwest-arkansas,,5225 N Oak St ,,Bethel Heights ,AR,72764,United States,,,,,,,
northwest-arkansas,,4713 S Zero ,,St Fort Smith ,AR,72901,United States,,,,,,,
huntsville,,11526 Gilleland Rd ,,Huntsville ,AL,35803,United States,,,,,,,
mobile,,2645 Dauphin Island Parkway ,,Mobile ,AL,36605,United States,,,,,,,
montgomery,,3610 Day Street ,,Montgomery ,AL,36108,United States,,,,,,,
