store_name,store_number,address,address2,city,state,zip_code,country,phone_number,latitude,longitude,store_hours,store_type,other_fields,coming_soon
"Valérie Marcouiller, Marie Nguyen, Julie Dansereau & Julie Dubois",1,1370 Mont-Royal Ave. East,"1370, avenue Mont-Royal Est",Montréal,2,H2J 1Y7,Canada,(514) 527-8827,45.530564,-73.576816,,S,,
Mélanie Veillette & Jean-François Ayotte,10,"542, 5th de la Pointe Street","542, 5e rue de la Pointe",Shawinigan,2,G9N 1E8,Canada,(819) 536-5624,46.540043,-72.750543,,C,,
Armand Desmarais & Benoit Desmarais,100,600 Montee du Moulin,"600, montée du Moulin",Laval,2,H7A 1Z6,Canada,(450) 665-3868,45.669544,-73.575424,,S,,
Josée Lussier,101,2080 Route Marie-Victorin,"2080, route Marie-Victorin",Varennes,2,J3X 2C7,Canada,(450) 652-2993,45.678841,-73.437726,,S,,
Martine Chiasson,102,1116 Mountain Road,"1116, rue Mountain",Moncton,1,E1C 2T3,Canada,(506) 858-5114,46.10551,-64.821736,,C,,
Kevin Boivin & François Daigneault,103,970 Casavant Blvd. West,"970, boulevard Casavant Ouest",Saint-Hyacinthe,2,J2S 0H4,Canada,(450) 773-7415,45.63833,-72.96231,,S,,
Kevin Boivin & François Daigneault,105,2935 Laframboise Blvd.,"2935, boulevard Laframboise",Saint-Hyacinthe,2,J2S 4Z3,Canada,(450) 774-7954,45.63434,-72.96397,,C,,
Raffaele Delli Colli & Gino Consolante,106,6525 Monk Blvd.,"6525, boulevard Monk",Montréal,2,H4E 3J2,Canada,(514) 769-3848,45.453639,-73.594329,,S,,
Réjean Richer,107,3711 Notre Dame Street West,"3711, rue Notre Dame Ouest",Montréal,2,H4C 1P8,Canada,(514) 935-8813,45.47938,-73.58162,,S,,
Alexandre Roy,108,76 1st Ave. West,"76, 1ère avenue Ouest",Amos,2,J9T 1T8,Canada,(819) 732-3306,48.571634,-78.116653,,S,,
Brigitte Arseneault & Marc Carrière,109,101 Water Street,"101, rue Water",Campbellton,1,E3N 1B2,Canada,(506) 759-8547,48.007966,-66.673222,,S,,
Meng Sean Chao,11,76 Dufferin Street,"76, rue Dufferin",Valleyfield,2,J6S 1Y2,Canada,(450) 371-3333,45.26241,-74.129118,,S,,
Josée Corbeil,110,2246 Laurier Street,"2246, rue Laurier",Rockland,3,K4K 1L4,Canada,(613) 446-5054,45.5466457,-75.294272,,S,,
Yves Pichette,111,8315 Maurice-Duplessis Blvd.,"8315, boulevard Maurice-Duplessis",Montréal,2,H1E 3B5,Canada,(514) 643-2606,45.636429,-73.58301,,S,,
Claude Bourgoin & Manuel Tremblay,112,240 Lafontaine Street,"240, rue Lafontaine",Rivière-du-Loup,2,G5R 3A7,Canada,(418) 862-6326,47.833997,-69.536694,,S,,
François J. Coutu,113,62 Greber Blvd.,"62, boulevard Gréber",Gatineau,2,J8T 3P8,Canada,(819) 243-3151,45.462294,-75.699914,,S,,
Léonel Albert,114,2 Saint-Pierre Blvd. West,"2, boulevard Saint-Pierre Ouest",Caraquet,1,E1W 1B6,Canada,(506) 727-4600,47.792901,-64.941791,,S,,
"Danielle Gélinas, Stéphanie Benoit & Marie-Michèle Benoit",115,400 Saint-Jean Street,"400, rue Saint-Jean",Drummondville,2,J2B 5L4,Canada,(819) 474-1024,45.876605,-72.48438,,S,,
Marie Blais-Giroux & Cynthia Champagne,116,10459 Sainte-Anne Blvd.,"10459, boulevard Sainte-Anne",Sainte-Anne-de-Beaupré,2,G0A 3C0,Canada,(418) 827-3714,47.013901,-70.965815,,S,,
Stéphanie Gagné,117,550 Du Phare Ave. East,"550, avenue du Phare Est",Matane,2,G4W 1A7,Canada,(418) 566-2894,48.852043,-67.522832,,S,,
Simon Desmarquis & Philippe Nadeau,118,110 Rene-Levesque Blvd. West,"110, boulevard René-Lévesque Ouest",Québec,2,G1R 2A5,Canada,(418) 522-1235,46.80392,-71.22715,,S,,
Nicolas Rompré,119,3475 Dagenais Blvd. West,"3475, boulevard Dagenais Ouest",Laval,2,H7P 4V9,Canada,(450) 963-0846,45.57786,-73.81005,,S,,
"Paul St-Onge, André St-Onge & Clément Pelletier",12,7400 Taschereau Blvd.,"7400, boulevard Taschereau",Brossard,2,J4W 1M9,Canada,(450) 672-5551,45.4601,-73.46532,,S,,
May Balian & Emad Gabra,120,2085 Marcel-Laurin Blvd.,"2085, boulevard Marcel-Laurin",Saint-Laurent,2,H4R 1K4,Canada,(514) 745-3003,45.518871,-73.701996,,S,,
"Jean Provost, Majed Bitar & Kevin Smith",121,751 Principale Street,"751, rue Principale",Granby,2,J2G 2Y6,Canada,(450) 375-5596,45.410926,-72.747391,,S,,
Nancie Morin,122,860 Saint-Rene Blvd. West,"860, boulevard Saint-René Ouest",Gatineau,2,J8T 8M1,Canada,(819) 243-1881,45.489776,-75.685823,,S,,
 Claude Lachance,123,4197 1st Ave.,"4197, 1ère avenue",Québec,2,G1H 2S2,Canada,(418) 622-1237,46.84213,-71.249369,,S,,
Jacques Thibault & Line Thibault,124,237 Saint-Jean-Baptiste Blvd.,"237, boulevard Saint-Jean-Baptiste",Châteauguay,2,J6K 3C3,Canada,(450) 692-7981,45.348361,-73.722123,,S,,
Jacques Barakat & Nadjib Benhamed,125,"9101, Maurice-Duplessis Blvd.","9101, boulevard Maurice-Duplessis",Montréal,2,H1E 6M3,Canada,(514) 881-8808,45.647102,-73.568688,,S,,
France Deschênes Leclerc,126,20 Sainte-Anne Blvd. West,"20, boulevard Sainte-Anne Ouest",Sainte-Anne-des-Monts,2,G4V 1P6,Canada,(418) 763-5575,49.125597,-66.487105,,S,,
"Marc-André Bouchard, Philippe Lavoie & Jean-Sébastien Ménard",127,1520 Des Erables Street,"1520, rue des Érables",Dolbeau-Mistassini,2,G8L 2W7,Canada,(418) 276-0321,48.8802,-72.22876,,S,,
Marie-Josée Archambault,128,3500 Principale Street,3500 rue Principale,Tracadie-Sheila,1,E1X 1G6,Canada,(506) 395-6371,47.516732,-64.912015,,S,,
Dennis Abud,129,123 Champlain Street,"123, rue Champlain",Dieppe,1,E1A 1N5,Canada,(506) 859-1990,46.094998,-64.751484,,S,,
Michaël Giguère & Sébastien Thivierge,13,999 De Bourgogne Ave.,"999, avenue de Bourgogne",Québec,2,G1W 4S6,Canada,(418) 653-1333,46.765049,-71.311795,,S,,
Pierre Leblanc,130,338 Main Street,"338, rue Main",Shediac,1,E4P 2E5,Canada,(506) 532-4419,46.21952,-64.54406,,S,,
Steve Giguère,131,940 Albiny-Paquette Blvd.,"940, boulevard Albiny-Paquette",Mont-Laurier,2,J9L 1L4,Canada,(819) 623-2296,46.5508537,-75.4869614,,S,,
"Stéphane Brulé, Guylaine Doucet & Kim Ruel",132,516 Commerciale Street,"516, rue Commerciale",La Tuque,2,G9X 3A8,Canada,(819) 523-4501,47.440403,-72.784991,,S,,
Norman Chicoyne,133,325 Sherbrooke Street,"325, rue Sherbrooke",Magog,2,J1X 2R9,Canada,(819) 843-1115,45.267578,-72.144322,,S,,
Olivier Blouin,134,3535 Des Eglises Ave.,"3535, avenue des Églises",Lévis,2,G6X 1W8,Canada,(418) 832-4449,46.716192,-71.269897,,S,,
Alain Houde,135,740 De Buckingham Ave.,"740, avenue de Buckingham",Buckingham,2,J8L 2H8,Canada,(819) 986-3316,45.579153,-75.412461,,S,,
René Rivard,136, 2330 Fleury Street East,"2330, rue Fleury Est",Montréal,2,H2B 1K9,Canada,(514) 387-7102,45.573368,-73.649214,,S,,
Nirvishi Jawaheer,137,930 Jean-Talon Street West,"930, rue Jean-Talon Ouest",Montréal,2,H3N 1S8,Canada,(514) 276-3155,45.525554,-73.625697,,S,,
Daniel Laurendeau,138,79 Jacques Cartier Street,"79, rue Jacques Cartier",Gaspé,2,G4X 1M5,Canada,(418) 368-5501,48.83281,-64.48077,,S,,
Claude Charron & Antoine Leclerc,139,6240 Salaberry Street,"6240, rue Salaberry",Lac-Mégantic,2,G6B 1H8,Canada,(819) 583-2123,45.572778,-70.879167,,S,,
Judith Côté Bélanger & Mathilde Tremblay,14,5 Marie-de-l'Incarnation Street,"5, rue Marie-de-l'Incarnation",Québec,2,G1M 3J4,Canada,(418) 687-2230,46.813522,-71.251543,,S,,
Gabriel Baddour & Valérie Lajeunesse,140,6461 Christophe-Colomb Ave.,"6461, avenue Christophe-Colomb",Montréal,2,H2S 2G5,Canada,(514) 273-7373,45.537681,-73.601229,,S,,
Jean-François Leblanc,141,8697 Hochelaga Street,"8697, rue Hochelaga",Montréal,2,H1L 6J5,Canada,(514) 351-3311,45.601503,-73.519963,,S,,
Michel Desjardins,142,531 Jarry Street East,"531, rue Jarry Est",Montréal,2,H2P 1V4,Canada,(514) 495-4444,45.543612,-73.628639,,S,,
Georges Ibrahim & Eugène Sabbagh,143,5635 Grande-Alle Blvd.,"5635, boulevard Grande-Allée",Brossard,2,J4Z 3G3,Canada,(450) 676-7000,45.474868,-73.443579,,S,,
Dave Larouche & Hamza Zouaoui,144,7830 Sherbrooke Street East,"7830, rue Sherbrooke Est",Montréal,2,H1L 1A5,Canada,(514) 351-3233,45.595244,-73.535494,,S,,
"Martin Caron, Raffaele Delli Colli, Gino Consolante & Mélanie Loranger",145,5100 De Verdun Street,"5100, rue de Verdun",Verdun,2,H4G 1N6,Canada,(514) 766-2222,45.45558,-73.572017,,S,,
Patrick Messier,146,1400 Saint-Jean-Baptiste Blvd.,"1400, boulevard Saint-Jean-Baptiste",Montréal,2,H1B 4A5,Canada,(514) 645-8787,45.642086,-73.503563,,S,,
Charles Rivest,147,1748 De Chambly Road,"1748, chemin de Chambly",Longueuil,2,J4J 3X5,Canada,(450) 651-2000,45.528902,-73.480908,,S,,
Robert Sauro,148,3245 Masson Street,"3245, rue Masson",Montréal,2,H1Y 1Y4,Canada,(514) 374-3611,45.550923,-73.573398,,S,,
Minh Cong Duong,149,7145 Saint-Denis Street,"7145, rue Saint-Denis",Montréal,2,H2R 2E3,Canada,(514) 495-8686,45.5384,-73.61468,,S,,
Guy St-Onge,15,1455 Sainte-Foy Road,"1455, chemin Sainte-Foy",Québec,2,G1S 2N7,Canada,(418) 681-0224,46.794805,-71.256479,,S,,
Marie-Claude Ouellet & Annie Sanfaçon,150,1100 De la Chaudiere Blvd. P.O. Box 75342,"1100, boulevard de la Chaudière C.P. 75342",Québec,2,G1Y 3C8,Canada,(418) 658-1445,46.759691,-71.350215,,S,,
Jacques Bourget & Serge Dupras,151,255 Concorde Blvd. West,"255, boulevard de la Concorde Ouest",Laval,2,H7N 5T1,Canada,(450) 668-6651,45.565587,-73.70115,,S,,
Palma Andreoni,152,8842 Langelier Blvd.,"8842, boulevard Langelier",Saint-Léonard,2,H1P 3C8,Canada,(514) 326-3503,45.600573,-73.595311,,S,,
Christian Chadi,153,95 Cure-Labelle Blvd.,"95, boulevard Curé-Labelle",Sainte-Thérèse,2,J7E 2X6,Canada,(450) 437-5555,45.642549,-73.832691,,S,,
Alistair Bursey,154,598 Union Street,"598, rue Union",Fredericton,1,E3A 3N2,Canada,(506) 451-8640,45.96882,-66.631366,,S,,
Caroline Paré & Robert Paré,155,870 Perigny Blvd.,"870, boulevard Périgny",Chambly,2,J3L 1W3,Canada,(450) 658-0659,45.45426,-73.302019,,S,,
"Joseph Amiel, Jacques-Alexandre Amiel & Josée Beauparlant",156,405 Grand Blvd.,"405, Grand Boulevard",Île Perrot,2,J7V 4X3,Canada,(514) 453-2896,45.389956,-73.963209,,S,,
Normand Lévesque,158,432 Principale Street,"432, rue Principale",Lachute,2,J8H 1Y3,Canada,(450) 562-5218,45.65623,-74.33738,,S,,
Sylvie Robillard & Kamran Taheri,159,80 Main Street East,"80, rue Main Est",Hawkesbury,3,K6A 1A3,Canada,(613) 632-2743,45.60924,-74.61064,,S,,
Bruno Harvey,16,2306 Saint-Dominique Street,"2306, rue Saint-Dominique",Jonquière,2,G7X 6L8,Canada,(418) 547-9311,48.41502,-71.25351,,S,,
"Caroline Gagné, Véronique Grenier, Claudia Lachance & Annie Veilleux",160,926 Labbe Street,"926, rue Labbé",Thetford Mines,2,G6G 2A8,Canada,(418) 335-2903,46.10344,-71.28956,,S,,
Daniel Benoit & Louis-Carl Benoit,161,520 Saint-Joseph Blvd.,"520, boulevard Saint-Joseph",Drummondville,2,J2C 2B8,Canada,(819) 472-3003,45.89408,-72.51589,,S,,
René Gagné & Marcel Proulx,162,3216 Taschereau Blvd.,"3216, boulevard Taschereau",Greenfield Park,2,J4V 2H3,Canada,(450) 465-5225,45.49599,-73.48319,,S,,
Martin D'Amours,163,3131 Mascouche Blvd.,"3131, boulevard Mascouche",Mascouche,2,J7K 3B7,Canada,(450) 474-6171,45.74293,-73.60024,,S,,
Sylvie Arbic,164,558 Jacques-Bizard Blvd.,"558, boulevard Jacques-Bizard",Île-Bizard,2,H9C 2H2,Canada,(514) 620-9616,45.49476,-73.87596,,S,,
Ana Ghitan & Alexandra Ghitan,165,1035 Des Laurentides Blvd.,"1035, boulevard des Laurentides",Laval,2,H7G 2W2,Canada,(450) 662-2620,45.57423,-73.69676,,S,,
"Nathalie Bellavance, Benoit Latreille & Jean Thiffault",166,2415 Cure-Labelle Blvd.,"2415, boulevard Curé-Labelle",Laval,2,H7T 1R3,Canada,(450) 682-7525,45.56014,-73.77011,,S,,
Michel Abras,167,2595 De Salaberry Street,"2595, rue de Salaberry",Montréal,2,H3M 1L1,Canada,(514) 745-2990,45.53696,-73.69962,,S,,
Michel St-Georges & Annie Laroche,168,1221 Fleury Street East,"1221, rue Fleury Est",Montréal,2,H2C 1R2,Canada,(514) 384-4990,45.55971,-73.65842,,S,,
Véronique Paquet,169,4425 Concorde Blvd. East,"4425, boulevard de la Concorde Est",Laval,2,H7C 1M4,Canada,(450) 661-7797,45.60423,-73.64922,,S,,
Christian Bastien,17,"770 Laure Blvd., Suite 270","770, boulevard Laure, bureau 270",Sept-Îles,2,G4R 1Y5,Canada,(418) 962-3333,50.220177,-66.384153,,S,,
Tania Kanou,170,740 De la Cote-Vertu Blvd.,"740, boulevard de la Côte-Vertu",Saint-Laurent,2,H4L 5C8,Canada,(514) 744-2555,45.52072,-73.67396,,S,,
Mélissa Dessureault,171,910 Iberville Blvd.,"910, boulevard Iberville",Repentigny,2,J5Y 2P9,Canada,(450) 585-7725,45.77107,-73.42346,,S,,
François J. Coutu & Jihad Kahwati,172,1365 Beaumont Ave.,"1365, avenue Beaumont",Ville Mont-Royal,2,H3P 2H7,Canada,(514) 738-2401,45.52048,-73.62577,,S,,
Philippe-André Champoux,173,7 Notre Dame Street East,"7, rue Notre Dame Est",Victoriaville,2,G6P 3Z4,Canada,(819) 752-7900,46.05561,-71.95849,,S,,
"David Bolduc, Julie Asselin, Sophie Champagne & Valérie Gagnon",174,1480 Talbot Blvd.,"1480, boulevard Talbot",Chicoutimi,2,G7H 4C2,Canada,(418) 543-5566,48.40003,-71.06282,,S,,
Christine Paquet & Charles Boisvert,175,138 Saint-Vallier West Street,"138, rue Saint-Vallier Ouest",Québec,2,G1K 1K1,Canada,(418) 525-4981,46.81153,-71.23354,,B,,
Nouha Fadlallah,176,3900 Saint-Charles Blvd.,"3900, boulevard Saint-Charles",Pierrefonds,2,H9H 3C6,Canada,(514) 696-3897,45.45985,-73.86631,,S,,
Danielle Fréchette,177,6385 Wilfrid-Hamel Blvd.,"6385, boulevard Wilfrid-Hamel",L'Ancienne-Lorette,2,G2E 5W2,Canada,(418) 872-2864,46.79416,-71.351516,,S,,
Christian Bourque,178,4870 Bourque Blvd.,"4870, boulevard Bourque",Sherbrooke,2,J1N 3S5,Canada,(819) 820-1212,45.37245,-71.98577,,S,,
Josée Perreault,179,"3285 1st Ave., Suite 100","3285, 1ère avenue, bureau 100",Rawdon,2,J0K 1S0,Canada,(450) 834-2582,46.03915,-73.69661,,S,,
Sylvie Gélinas & Chantal Bellemare,18,940 Des Recollets Blvd.,"940, boulevard des Récollets",Trois-Rivières,2,G8Z 3W9,Canada,(819) 379-1444,46.35854,-72.57231,,S,,
André St-Onge,180,5950 Cousineau Blvd.,"5950, boulevard Cousineau",Saint-Hubert,2,J3Y 7R9,Canada,(450) 462-1104,45.49675,-73.407876,,S,,
Marie-Ève Ouimette & Marie-Noël Dupont,181,269 Child Street,"269, rue Child",Coaticook,2,J1A 2B5,Canada,(819) 849-6359,45.136279,-71.805411,,S,,
Germain Chartier & Livio Parolin,182,790 Gilles-Villeneuve Ave.,"790, avenue Gilles-Villeneuve",Berthierville,2,J0K 1A0,Canada,(450) 836-3733,46.08525,-73.18842,,S,,
Sylvain Arsenault,183,"1018 De la Prairie Street, suite 101","1018, rue de la Prairie, suite 101",Lévis,2,G6Z 0A7,Canada,(418) 839-2828,46.728644,-71.209763,,S,,
Philippe-André Champoux,184,353 Bois-Francs Blvd. South,"353, boulevard Bois-Francs Sud",Victoriaville,2,G6P 4T2,Canada,(819) 752-5432,46.053623,-71.941548,,S,,
Martin Roy,185,50 Principale Street,"50, rue Principale ",Maniwaki,2,J9E 1Z6,Canada,(819) 449-1360,46.37714,-75.98196,,S,,
Brigitte Racine & Lyne Dufour,186,"975 Monseigneur-de-Laval Blvd., Suite 101","975, boulevard Monseigneur-de-Laval, bureau 101",Baie-Saint-Paul,2,G3Z 2W3,Canada,(418) 435-5215,47.44801,-70.51785,,S,,
Émilie Chouinard & Claude Roy,187,1020 Vachon Blvd. North,"1020, boulevard Vachon Nord",Sainte-Marie-de-Beauce,2,G6E 1M2,Canada,(418) 387-4942,46.450413,-71.031624,,S,,
Chantal Fortin & Marie-Josée Hamelin,188,"800 Montée Sainte-Julie, Suite 100","800, Montée Sainte-Julie, bureau 100",Sainte-Julie,2,J3E 2C4,Canada,(450) 922-6000,45.59612,-73.34292,,S,,
Marcel Carrier & Dominique Dufour,189,471 Du Pont Ave. North,"471, avenue du Pont Nord",Alma,2,G8B 5E5,Canada,(418) 668-2349,48.5566,-71.63894,,S,,
Daniel Benoit & Louis-Carl Benoit,19,"1400, Lemire Blvd.","1400, boul. Lemire",Drummondville,2,J2C 5A4,Canada,(819) 477-5871,45.87274,-72.51459,,S,,
Élie H. Assal,190,245 Samson Blvd.,"245, boulevard Samson",Laval,2,H7X 3E4,Canada,(450) 689-0211,45.52196,-73.79981,,S,,
Dominique Bond & Mélissa Pilote,191,2283 Chauveau Ave.,"2283, avenue Chauveau",Québec,2,G2C 0G7,Canada,(418) 843-3191,46.84473,-71.32316,,S,,
Marie-Claude Favreau,192,83 Montee Gagnon,"83, Montée Gagnon",Bois-des-Filion,2,J6Z 4C4,Canada,(450) 965-0243,45.66584,-73.76202,,S,,
Marie-Claude Raymond,193,4955 Guillaume-Couture Blvd.,"4955, boulevard Guillaume-Couture",Lévis,2,G6V 4Z5,Canada,(418) 833-8980,46.7898694,-71.1846917,,S,,
Jean Perreault & Nicolas Rompré,194,580 Cure-Labelle Blvd.,"580, boulevard Curé-Labelle",Laval,2,H7L 4V6,Canada,(450) 963-9507,45.59038,-73.78609,,S,,
Éric Preston,195,"11000 De l’Ormiere Blvd., Suite 100","11000, boulevard de l'Ormière, bureau 100",Loretteville,2,G2B 5S1,Canada,(418) 842-9271,46.844353,-71.367257,,S,,
Pascale Arsenault & Jean-François Giguère,196,300 Barkoff Street,"300, rue Barkoff",Trois-Rivières,2,G8T 2A3,Canada,(819) 378-4829,46.3707,-72.55839,,S,,
Nagui Laham,197,5150 Queen-Mary Road,"5150, chemin Queen-Mary",Montréal,2,H3W 1X5,Canada,(514) 489-8820,45.48497,-73.62828,,S,,
"Michel Gervais, Alexandre Roy, Raymond Matte & David-Alexandre Bérubé",198,600 Royale Street,"600, rue Royale",Malartic,2,J0Y 1Z0,Canada,(819) 757-6777,48.134357,-78.120588,,S,,
Gilles Lalonde,199,262 Montreal Street,"262, rue Montréal",Vanier,3,K1L 6C3,Canada,(613) 749-5957,45.43653,-75.660425,,S,,
Fatima Ait Addi,2,370 Jarry Street East,"370, rue Jarry Est",Montréal,2,H2P 1T9,Canada,(514) 382-4730,45.542171,-73.629232,,S,,
Martin Chouinard,20,2090 Sainte-Anne Blvd.,"2090, boulevard Sainte-Anne",Québec,2,G1J 1X7,Canada,(418) 661-2471,46.840422,-71.220372,,S,,
Michelle Maliha,201,1351 Laurier Ave.,"1351, avenue Laurier",Montréal,2,H2J 1H6,Canada,(514) 521-2103,45.533515,-73.583812,,S,,
Gilles Lalonde,202,181 Principale Street,"181, rue Principale",Aylmer,2,J9H 6A6,Canada,(819) 684-0006,45.39555,-75.83662,,S,,
Aaron Lloyd,203,97 Main Street,"97, rue Main",Sackville,1,E4L 4A9,Canada,(506) 536-0230,45.897306,-64.368394,,S,,
Dave Larouche & Vy Ky Linh Le,204,3745 Saint-Laurent Blvd.,"3745, boulevard Saint-Laurent",Montréal,2,H2W 1X8,Canada,(514) 843-6697,45.515163,-73.575137,,S,,
David Ford,205,438 Coverdale Street,"438, rue Coverdale",Riverview,1,E1B 4R9,Canada,(506) 853-0825,46.064389,-64.801756,,S,,
Luc Rossignol,206,2701 Saint-Joseph Blvd.,"2701, boulevard Saint-Joseph",Orléans,3,K1C 1G4,Canada,(613) 837-8689,45.472341,-75.522616,,S,,
Denis Émond,207,400 Meigs Street,"400, rue Meigs",Farnham,2,J2N 2C8,Canada,(450) 293-5375,45.283125,-72.978996,,S,,
Brigitte Marchand,208,2225 Gascon Road,"2225, chemin Gascon",Lachenaie,2,J6X 4H3,Canada,(450) 471-2515,45.723796,-73.664555,,S,,
Sophie Després,209,404 Saint-Georges Street,"404, rue Saint-Georges",Moncton,1,E1C 1X6,Canada,(506) 853-1600,46.089616,-64.790267,,S,,
"David Bolduc, Julie Asselin, Sophie Champagne & Valérie Gagnon",21,413 Racine Street,"413, rue Racine",Chicoutimi,2,G7H 1S8,Canada,(418) 543-7921,48.428269,-71.05584,,S,,
Éric Hamelin & Geneviève Coulombe,210,1000 Bona-Dussault Blvd.,"1000, boulevard Bona-Dussault",Saint-Marc-des-Carrières,2,G0A 4B0,Canada,(418) 268-3545,46.681019,-72.048959,,S,,
Michel Whittom & Terry Whittom,211,200 Grande-Allee East,"200, Grande-Allée Est",Grande-Rivière,2,G0C 1V0,Canada,(418) 385-2121,48.397557,-64.48607,,S,,
Sophie Gagnon & Luc Marmen,212,2766 Sainte-Foy Road,"2766, chemin Sainte-Foy",Sainte-Foy,2,G1V 1V5,Canada,(418) 657-2956,46.780005,-71.301695,,S,,
Jacques Gendron,213,2000 René-Lévesque Blvd.,"2000, boulevard René Lévesque",Île-des-Soeurs,2,H3E 1Z7,Canada,(514) 761-4448,45.46803,-73.535729,,S,,
Michel Whittom & Terry Whittom,214,60 Rene-Levesque Blvd. East,"60, boulevard René-Lévesque Est",Chandler,2,G0C 1K0,Canada,(418) 689-2120,48.35023,-64.676238,,S,,
Stephan Dolarian & Carla Chirinian,215,5510 de la Cote-des-Neiges Road,"5510, chemin de la Côte-des-Neiges",Montréal,2,H3T 1Y9,Canada,(514) 344-8338,45.49739,-73.62461,,S,,
Livio Parolin & Germain Chartier,216,9021 Saint-Michel Blvd.,"9021, boulevard Saint-Michel",Montréal,2,H1Z 3G3,Canada,(514) 955-0800,45.57154,-73.62705,,S,,
Martine Faucher & Harold Simard,217,180 6th Street,"180, 6e rue",La Baie,2,G7B 4V9,Canada,(418) 544-3333,48.33075,-70.89027,,S,,
Jeffrey H. Mather & David White,218,250 Pleasant Street,"250, rue Pleasant",Miramichi Ouest,1,E1V 1Y5,Canada,(506) 622-1140,46.999902,-65.566968,,S,,
Robert Holmes,219,"4 Johnson Avenue, Suite 12","4, avenue Johnson, bureau 12",Miramichi Est,1,E1N 3B7,Canada,(506) 773-4412,47.028469,-65.471541,,S,,
Yves Tremblay & Jean-Michel Drapeau,22,25 Saint-Georges Street,"25, rue Saint-Georges",Saint-Jérôme,2,J7Z 4Z1,Canada,(450) 432-1120,45.76872,-74.00092,,S,,
Martin Goyer,220,13400 Cure-Labelle Blvd.,"13400, boulevard Curé-Labelle",Mirabel,2,J7J 1G9,Canada,(450) 971-5145,45.69878,-73.91992,,S,,
Clément Gagnon & Jacinthe Desjardins,221,145 Cyr Road,"145, chemin Cyr",New Richmond,2,G0C 2B0,Canada,(418) 392-4451,48.169493,-65.864397,,S,,
Jacques Raymond,222,2372 Louis-XIV Blvd.,"2372, boulevard Louis-XIV",Québec,2,G1C 5K1,Canada,(418) 666-9688,46.89302,-71.21027,,S,,
Jean-Maurice Vandergoten & Angelo Zaccara,223,3003 Oka Road,"3003, chemin Oka",Sainte-Marthe-sur-le-Lac,2,J0N 1P0,Canada,(450) 473-4641,45.52901,-73.93513,,S,,
Dale Pike,224,629 Principale Street P.O. Box 307,"629, rue Principale C.P. 307",Casselman,3,K0A 1M0,Canada,(613) 764-5455,45.30505,-75.08072,,S,,
Heng Mui Chang & Rahsan Erdogdu,225,6075 Henri-Bourassa Blvd. East,"6075, boulevard Henri-Bourassa Est",Montréal,2,H1G 2V2,Canada,(514) 324-0700,45.60827,-73.61548,,S,,
Hélène Lauzon,226,439 Main Street South,"439, rue Main Sud",Alexandria,3,K0C 1A0,Canada,(613) 525-3333,45.299948,-74.627677,,S,,
André Roy & Sylvain Roy Boisselle,227,369 Fiset Blvd.,"369, boulevard Fiset",Sorel-Tracy,2,J3P 3R3,Canada,(450) 746-7840,46.03616,-73.09377,,S,,
"Caroline Gagné, Véronique Grenier, Claudia Lachance & Annie Veilleux",228,718 Frontenac Blvd. East,"718, boulevard Frontenac Est",Thetford Mines,2,G6G 6H1,Canada,(418) 335-2901,46.11061,-71.30233,,S,,
Christine Léger & Martin Côté,229,1693 Louis-Frechette Blvd.,"1693, boulevard Louis-Fréchette",Nicolet,2,J3T 1Z6,Canada,(819) 293-6111,46.23862,-72.60289,,S,,
Paule Lafontaine & Nathalie Morin,23,225 Principale Street East,"225, rue Principale Est",Sainte-Agathe-des-Monts,2,J8C 1K8,Canada,(819) 326-5444,46.045268,-74.277256,,S,,
Julie Coderre,230,526 South Street,"526, rue du Sud",Cowansville,2,J2K 2X8,Canada,(450) 266-3966,45.20339,-72.74684,,S,,
Jean-Maurice Vandergoten & Angelo Zaccara,231,578 Arthur-Sauve Blvd.,"578, boulevard Arthur-Sauvé",Saint-Eustache,2,J7R 5A8,Canada,(450) 473-2711,45.576518,-73.916892,,S,,
Karine Deschambault & Éric Benoît,232,5705 Des Forges Blvd.,"5705, boulevard des Forges",Trois-Rivières,2,G8Y 5L5,Canada,(819) 370-6022,46.365142,-72.597749,,S,,
Stéphane Boily,233,440 Sainte-Anne Blvd.,"440, boulevard Sainte-Anne",Sainte-Anne-des-Plaines,2,J0N 1H0,Canada,(450) 478-2040,45.76559,-73.81292,,S,,
Frédéric Normand & Sylvain Gibeault,234,4770 De Charleroi Street East,"4770, rue de Charleroi Est",Montréal,2,H1H 1V2,Canada,(514) 327-2442,45.596712,-73.631283,,S,,
Paul St-Onge & Charles Rivest,236,1049 Roland-Therrien Blvd.,"1049, boulevard Roland-Therrien",Longueuil,2,J4J 4L3,Canada,(450) 928-0030,45.540313,-73.486253,,S,,
Pierre Potvin,237,1859 Rene-Laennec Blvd.,"1859, boulevard René-Laennec",Laval,2,H7M 5E2,Canada,(450) 662-6064,45.6066,-73.716766,,S,,
Patrice Mayrand,238,875 De la Grande-Allee Blvd.,"875, boulevard de la Grande-Allée",Boisbriand,2,J7G 1W6,Canada,(450) 434-4610,45.611774,-73.839086,,S,,
Danielle Fréchette & Geneviève Drouin,239,"1855 Route des Rivières, Suite 205","1855, route des Rivières, suite 205",Lévis,2,G7A 4X8,Canada,(418) 836-5051,46.70962,-71.289679,,S,,
"Tony Atallah, Sylvie Provençal & Antoine Atallah",24,1065 De Saint-Jovite Street,"1065, rue de Saint-Jovite",Mont-Tremblant,2,J8E 3J9,Canada,(819) 425-3757,46.118309,-74.597918,,S,,
Norman Chicoyne & Marc-Antoine Bertrand,240,448 Saint-Patrice Street West,"448, rue Saint-Patrice Ouest",Magog,2,J1X 1W9,Canada,(819) 843-3366,45.26762,-72.15294,,S,,
Jean-François Bourdages,241,112 G.D. Levesque Blvd.,"112, boulevard G.D. Lévesque",Paspébiac,2,G0C 2K0,Canada,(418) 752-3807,48.0259366,-65.2605168,,S,,
Hélène Paquet,242,89 De Lavaltrie Road,"89, chemin de Lavaltrie",Lavaltrie,2,J5T 2H5,Canada,(450) 586-3837,45.89579,-73.299712,,S,,
Hélène Lacasse & Sonia Lacasse,243,6940 Papineau Ave.,"6940, avenue Papineau",Montréal,2,H2G 2X7,Canada,(514) 593-5615,45.546914,-73.604747,,S,,
François J. Coutu & Jihad Kahwati,244,7005 De la Cote-Saint-Luc Road,"7005, chemin de la Côte-Saint-Luc",Côte Saint-Luc,2,H4V 1J2,Canada,(514) 489-9333,45.46499,-73.654195,,S,,
Joseph Amiel,245,900 Herron Road,"900, chemin Herron",Dorval,2,H9S 1B3,Canada,(514) 636-1660,45.446586,-73.742233,,S,,
Hussam Qawas,246,867 Notre-Dame Street,"867, rue Notre-Dame",Embrun,3,K0A 1W0,Canada,(613) 443-3552,45.270651,-75.291658,,S,,
Dimitrios Kokozos,248,5345 Queen-Mary Road,"5345, chemin Queen-Mary",Montréal,2,H3X 1T9,Canada,(514) 489-7207,45.482804,-73.630069,,S,,
Louis Legault & Lyette Boulé,249,3347 Des Sources Blvd.,"3347, boulevard des Sources",Dollard-des-Ormeaux,2,H9B 1Z8,Canada,(514) 683-5460,45.484179,-73.796645,,S,,
"Vivienne Cadorette, Alain Lecours & Jean-Philippe Lecours",25,504 Manseau Blvd.,"504, boulevard Manseau",Joliette,2,J6E 3E2,Canada,(450) 759-2560,46.024486,-73.440599,,S,,
"Maher Bitar, Valérie Savoie-Rosay",250,980 Sainte-Catherine Street West,"980, rue Sainte-Catherine Ouest",Montréal,2,H3B 1E5,Canada,(514) 866-7791,45.500769,-73.5720331,,S,,
"René Gagné, Marcel Proulx & Antonio Fasciano",251,2001 Victoria Ave.,"2001, avenue Victoria",Saint-Lambert,2,J4S 1H1,Canada,(450) 465-2721,45.47862,-73.47714,,S,,
"Maher Bitar, Valérie Savoie-Rosay & Jean Coutu",252,1222 Greene Ave.,"1222, avenue Greene",Westmount,2,H3Z 2A3,Canada,(514) 937-2836,45.48641,-73.588414,,S,,
François Maltais,253,1363 Belvedere Street South,"1363, rue Belvédère Sud",Sherbrooke,2,J1H 4E4,Canada,(819) 565-9595,45.385431,-71.895539,,S,,
Julie Lessard,254,"5333 Laurier Blvd., Suite 180","5333, boulevard Laurier, bureau 180",La Plaine,2,J7M 1W1,Canada,(450) 477-4401,45.754002,-73.709691,,S,,
Claude Colpron & Maryse Rivest,255,515 Lacombe Blvd.,"515, boulevard Lacombe",Repentigny,2,J5Z 1P5,Canada,(450) 581-6545,45.755013,-73.466224,,S,,
Joëlle Wizman & Michel Bougie,256,5820 De Monkland Ave.,"5820, avenue de Monkland",Montréal,2,H4A 1G1,Canada,(514) 487-1411,45.473208,-73.625005,,S,,
Joseph Amiel,257,5107 Sherbrooke Street West,"5107, rue Sherbrooke Ouest",Montréal,2,H4A 1T2,Canada,(514) 483-2850,45.476299,-73.606741,,S,,
Quoc-Huy Hoang,258,6624 Somerled Street,"6624, rue Somerled",Montréal,2,H4V 1T2,Canada,(514) 487-6530,45.46641,-73.639391,,S,,
Mélanie Dussault & Brian Poitras,259,5905 Jean XXIII Blvd.,"5905, boulevard Jean XXIII",Trois-Rivières,2,G8Z 4N8,Canada,(819) 378-6127,46.327721,-72.597763,,S,,
Maxime Daoust-Charest,26,50 Denison Street East,"50, rue Denison Est",Granby,2,J2G 4C6,Canada,(450) 372-6666,45.396263,-72.716966,,S,,
Stephan Dolarian & Carla Chirinian,260,6200 De la Cote-des-Neiges Road,"6200, chemin de la Côte-des-Neiges",Montréal,2,H3S 2A1,Canada,(514) 738-2555,45.50088,-73.63188,,S,,
Nicolas Carbonneau,261,4515 Arthur-Sauve Blvd.,"4515, boulevard Arthur-Sauvé",Laval,2,H7R 5P8,Canada,(450) 962-7455,45.552994,-73.870035,,S,,
Robert Cotchikian & Tro Pascal Cotchikian,262,5201 Du Parc Ave.,"5201, avenue du Parc",Montréal,2,H2V 4G9,Canada,(514) 279-9191,45.520358,-73.597083,,S,,
Marie-Michèle Desfossés,263,"1065 Pie-XI Blvd. North, Suite 100","1065, boulevard Pie-XI Nord, bureau 100",Québec,2,G3K 2S5,Canada,(418) 840-0337,46.856141,-71.417226,,S,,
Guy Lemire & Mathieu Noël,264,200 Saint-Laurent Ave.,"200, avenue Saint-Laurent",Louiseville,2,J5V 1J9,Canada,(819) 228-5501,46.255793,-72.944538,,S,,
Marc Potvin,265,6605 Guillaume-Couture Blvd.,"6605, boulevard Guillaume-Couture",Lévis,2,G6V 9H5,Canada,(418) 838-1551,46.8070118,-71.1634195,,S,,
Geneviève Levesque,266,445 Principal Road,"445, chemin Principal",Cap-aux-Meules,2,G4T 1E3,Canada,(418) 986-2700,47.383276,-61.859112,,S,,
Sylvain Couture,267,8500 Chateauneuf Blvd.,"8500, boulevard Châteauneuf",Anjou,2,H1K 5G3,Canada,(514) 352-9920,45.611746,-73.555608,,S,,
Caroline Lamontagne,268,716 Marcotte Blvd.,"716, boulevard Marcotte",Roberval,2,G8H 1Z6,Canada,(418) 275-4922,48.51342,-72.2243,,S,,
Dominique Bond,269,2160 Bastien Blvd.,"2160, boulevard Bastien",Québec,2,G2B 1B7,Canada,(418) 842-3648,46.858347,-71.335319,,S,,
Aboud Georges,27,2600 Victoria Street,"2600, rue Victoria",Lachine,2,H8S 1Z3,Canada,(514) 634-7231,45.435942,-73.687188,,S,,
Josée Fréchette,270,525 1st Ave.,"525, 1ère avenue",Asbestos,2,J1T 4R1,Canada,(819) 879-6969,45.768912,-71.92536,,S,,
Raymond Désilets & Suzie Grondin,271,430 Route 138,"430, route 138",Donnacona,2,G3M 1C2,Canada,(418) 285-3131,46.681636,-71.723527,,S,,
"Vivienne Cadorette, Alain Lecours & Jean-Philippe Lecours",272,562 Saint-Charles-Borromee Street North,"562, rue Saint-Charles-Borromée Nord",Joliette,2,J6E 4S6,Canada,(450) 759-3830,46.0371457,-73.44274,,S,,
Christian Chadi,273,232 Saint-Charles Street,"232, rue Saint-Charles",Sainte-Thérèse,2,J7E 2B4,Canada,(450) 437-5511,45.644298,-73.861419,,S,,
Jean-François Gauthier & Alexandre Rivard,274,200 Fusey Street,"200, rue Fusey",Trois-Rivières,2,G8T 2V8,Canada,(819) 375-8941,46.36865,-72.52244,,S,,
Annie Sanfaçon & Marie-Claude Ouellet,275,1221 Charles-Albanel Street,"1221, rue Charles-Albanel",Québec,2,G1X 4Y5,Canada,(418) 874-0275,46.76516,-71.37005,,S,,
Danielle Lacroix,276,40 Montcalm Blvd. North,"40, boulevard Montcalm Nord",Candiac,2,J5R 3L8,Canada,(450) 659-0666,45.392081,-73.51576,,S,,
Gilles Lalonde & Pierre Vachon,277,908 Maloney Blvd. East,"908, boulevard Maloney Est",Gatineau,2,J8P 1H5,Canada,(819) 663-3582,45.489777,-75.596405,,S,,
Rania Mouchahoir,278,8630 Viau Blvd.,"8630, boulevard Viau",Saint-Léonard,2,H1R 2T7,Canada,(514) 327-9600,45.583146,-73.603202,,S,,
Chantal Fortin & Marie-Josée Hamelin,279,99  Des Hauts-Bois Blvd.,"99, boulevard des Hauts-Bois",Sainte-Julie,2,J3E 3J9,Canada,(450) 649-0088,45.57228,-73.327048,,S,,
"François J. Coutu, Jihad Kahwati & Victor Khoukaz",28,405 Des Laurentides Blvd.,"405, boulevard des Laurentides",Laval,2,H7G 2T9,Canada,(450) 663-9160,45.568806,-73.690336,,S,,
Steve Rioux & Jean-François Richard,280,523 Perron Blvd.,"523, boulevard Perron",Carleton,2,G0C 1J0,Canada,(418) 364-3393,48.10646,-66.12919,,S,,
"Marie-Claude Lapointe, Mireille Mongeau & Kristel Gagné",281,2340 King Street East,"2340, rue King Est",Sherbrooke,2,J1G 5G6,Canada,(819) 823-2222,45.4122792,-71.83812139999999,,S,,
Patrice Rivet & Manon St-Jean,282,1465 Jean-Talon Street East,"1465, rue Jean-Talon Est",Montréal,2,H2E 1S8,Canada,(514) 270-2151,45.546298,-73.608741,,S,,
Jean-Michel Dubeau & Émilie Larivière,283,2505 Rosemont Blvd.,"2505, boulevard Rosemont",Montréal,2,H1Y 1K5,Canada,(514) 374-1441,45.547249,-73.585636,,S,,
Mélanie Veillette & Jean-François Ayotte,284,2722 Royal Blvd.,"2722, boulevard Royal",Shawinigan,2,G9N 8M3,Canada,(819) 539-1119,46.559742,-72.740964,,S,,
Doria Boukheroufa,285,"677 Sainte-Catherine Street West, Suite M-19A","677, rue Sainte-Catherine Ouest, local M-19A",Montréal,2,H3B 5K4,Canada,(514) 289-0800,45.5031016,-73.570184,,S,,
Nancie Morin,286,2310 Saint-Louis Street,"2310, rue Saint-Louis",Gatineau,2,J8T 5L7,Canada,(819) 568-7468,45.48872,-75.746282,,S,,
Monte Steeves,287,1789 Mountain Road North,"1789, chemin Mountain Nord",Moncton,1,E1G 1A7,Canada,(506) 387-9001,46.1213,-64.84657,,S,,
Geneviève Labonté,288,"600 Du Fort-Saint-Louis Blvd., Suite 100","600, boulevard du Fort-Saint-Louis, bureau 100",Boucherville,2,J4B 1S7,Canada,(450) 645-2330,45.612268,-73.451789,,S,,
Marie-Michèle Benoit,289,4534 Saint-Joseph Blvd.,"4534, boulevard Saint-Joseph",Drummondville,2,J2A 1B5,Canada,(819) 472-7442,45.840993,-72.436719,,S,,
Marie-Claude Favreau & Marc Pelchat,290,10 Des Châteaux Blvd.,"10, boulevard des Châteaux",Blainville,2,J7B 1Z5,Canada,(450) 430-8841,45.655197,-73.80111,,S,,
Fernand Lachance & Philip Morgan,291,340 Saint-Luc Blvd.,"340, boulevard Saint-Luc",Saint-Jean-sur-Richelieu,2,J2W 2A3,Canada,(450) 349-2121,45.356635,-73.298232,,S,,
François J. Coutu,292,28 Du Mont-Bleu Blvd. Suite 100,"28, boulevard du Mont-Bleu, bureau 100",Gatineau,2,J8Z 1J1,Canada,(819) 776-3151,45.46259,-75.74521,,S,,
Jacques Bourget & Nick Campanelli,293,1295 De la Concorde Blvd. West,"1295, boulevard de la Concorde Ouest",Laval,2,H7N 5T4,Canada,(450) 967-8484,45.560717,-73.710727,,S,,
Marc-André Plante & Sylvain Couture,294,"7999 des Galeries d'Anjou Blvd., Suite E030","7999, boulevard des Galeries d'Anjou, bureau E030",Anjou,2,H1M 1W9,Canada,(514) 353-6350,45.599204,-73.568845,,S,,
Mélanie Veillette & Jean-François Ayotte,295,"2355, 105th Ave.","2355, 105e avenue",Shawinigan,2,G9P 1P4,Canada,(819) 537-7261,46.5191,-72.744337,,S,,
Paul St-Onge,296,1750 Jacques-Cartier Blvd. East,"1750, boulevard Jacques-Cartier Est",Longueuil,2,J4N 1C2,Canada,(450) 468-4448,45.54318,-73.45585,,S,,
Ekaterine Karaindros & Abdel Hakim Ait-Aoudia,297,4691 Samson Blvd.,"4691, boulevard Samson",Laval,2,H7W 2H5,Canada,(450) 686-2347,45.528431,-73.759203,,S,,
Yanick Marchand,298,"1398, Notre-Dame Street","1398, rue Notre-Dame",Saint-Césaire,2,J0L 1T0,Canada,(450) 469-1010,45.40882,-73.00159,,S,,
Évelyne Gagné,299,5475 Guillaume-Couture Blvd.,"5475, boulevard Guillaume-Couture",Lévis,2,G6V 4Z1,Canada,(418) 838-9888,46.7952951,-71.17723119,,S,,
Raymond Beaucaire,3,3452 Ontario Street East,"3452, rue Ontario Est",Montréal,2,H1W 1R2,Canada,(514) 522-1126,45.54361,-73.545625,,S,,
Pierre Belzile & Marie Beaumier,30,765 Grand-Mère Ave.,765 avenue de Grand-Mère,Shawinigan,2,G9T 2H8,Canada,(819) 538-8606,46.613048,-72.694215,,S,,
Hassan Jawad & Dalida Khanafer,300,4102 Jean Talon Street East,"4102, rue Jean-Talon Est",Montréal,2,H1S 2V4,Canada,(514) 725-8989,45.566608,-73.591306,,S,,
Jean-François Rondeau,301,79 Principal Road,"79, chemin Principale",Macamic,2,J0Z 2S0,Canada,(819) 782-2343,48.755646,-79.001735,,C,,
Philippe Guay & Marlène Dubé,302,1035 Saint-Jean-Baptiste Street,"1035, rue Saint-Jean-Baptiste",Beloeil,2,J3G 6R6,Canada,(450) 464-2772,45.58066,-73.21438,,S,,
Louis-Philippe Royer,304,167 Dupont Street,"167, rue Dupont",Pont-Rouge,2,G3H 1N3,Canada,(418) 873-4259,46.75533,-71.69445,,S,,
Jean-Michel Coutu & Tristan Giguère,305,3245 De Chambly Street,"3245, chemin de Chambly",Longueuil,2,J4L 4K5,Canada,(450) 670-2496,45.51642,-73.45048,,S,,
Marie-Pierre Giner,306,"2485 Saint-Louis Road, Suite 201","2485, chemin Saint-Louis, bureau 201",Sillery,2,G1T 1R9,Canada,(418) 658-2600,46.76865,-71.26708,,B,,
Karim Chata & Marthe-Audrée Desriveaux,307,"955 Saint-Jean Blvd., Suite 105","955, boulevard Saint-Jean, bureau 105",Pointe-Claire,2,H9R 5K3,Canada,(514) 694-7635,45.4693,-73.83079,,C,,
René Gagné & Marcel Proulx,308,2984 Taschereau Blvd.,"2984, boulevard Taschereau",Greenfield Park,2,J4V 2G9,Canada,(450) 465-9858,45.4986019,-73.4866291,,C,,
Véronique Soucy & Sylvain Ouellette (Adm.),309,177 Victoria Street,"177, rue Victoria",Edmundston,1,E3V 2H7,Canada,(506) 735-3829,47.36876,-68.32337,,S,,
"Michel Gervais, Alexandre Roy, Raymond Matte & David-Alexandre Bérubé",31,823 3rd Ave.,"823, 3e avenue",Val-d'Or,2,J9P 1S8,Canada,(819) 824-3645,48.103177,-77.78754,,S,,
Marcel Carrier & Dominique Dufour,311,475 Saint-Jude Blvd. South,"475, boulevard Saint-Jude Sud",Alma,2,G8B 3J7,Canada,(418) 668-3337,48.54565,-71.65913,,B,,
"François J. Coutu, Nicole Mouralian & Minh Diem Le",312,8188 Champlain Blvd.,"8188, boulevard Champlain",LaSalle,2,H8P 1B4,Canada,(514) 595-5995,45.42306,-73.61832,,S,,
Isabelle Mercure & Nicolas Rompré,313,180 Curé-Labelle Blvd.,"180, boulevard Curé-Labelle",Sainte-Rose,2,H7L 2Z7,Canada,(450) 622-3777,45.607421,-73.791042,,S,,
Martin D'Amours & Marc Leclerc,315,185 Montée Masson,"185, Montée Masson",Mascouche,2,J7K 3B4,Canada,(450) 474-7446,45.725757,-73.618384,,S,,
Ann S. Zakhari & Jonathan Chbat,316,475 Saint-Charles Ave.,"475, avenue Saint-Charles",Vaudreuil-Dorion,2,J7V 2N4,Canada,(450) 455-4424,45.4041,-74.03122,,S,,
Alain Houde & Jean-François Godin,317,205 Du Plateau Blvd.,"205, boulevard du Plateau",Gatineau,2,J9A 0N4,Canada,(819) 771-4515,45.43419,-75.78308,,S,,
David Ford,318,2848 Main Street,"2848, rue Main",Hillsborough,1,E4H 2Y7,Canada,(506) 734-2744,45.92503,-64.64704,,C,,
Bruno Harvey & Mickaël Simard,319,2616 Saint-Hubert Street,"2616, rue Saint-Hubert",Jonquière,2,G7X 8S3,Canada,(418) 547-2606,48.401986,-71.250151,,S,,
Sylvie Lussier & François Maltais,32,445 King Street East,"445, rue King Est",Sherbrooke,2,J1G 1B6,Canada,(819) 563-1212,45.408123,-71.878443,,S,,
Isabelle Ducharme,320,720 Monseigneur-Dubois Blvd.,"720, boulevard Monseigneur-Dubois",Saint-Jérôme,2,J7Y 4A5,Canada,(450) 432-3880,45.79288,-74.01411,,S,,
Jean-Philippe Roy,321,3300 Frechette Blvd.,"3300, boulevard Fréchette",Chambly,2,J3L 6Z6,Canada,(450) 447-5511,45.43204,-73.30522,,S,,
Mylène Auger,324,365 De Comporte Blvd.,"365, boulevard de Comporté",La Malbaie,2,G5A 1H9,Canada,(418) 665-3072,47.64604,-70.1495,,S,,
Kevin Boivin & François Daigneault,325,5575 Laurier Blvd. West,"5575, boulevard Laurier Ouest",Saint-Hyacinthe,2,J2S 3V9,Canada,(450) 773-1675,45.60501,-72.97981,,S,,
Julie Dodier,326,"3774 Frontenac Blvd. West, Suite 12","3774, boulevard Frontenac Ouest, C.P. 12",Thetford Mines,2,G6H 2J8,Canada,(418) 423-2733,46.053452,-71.366433,,S,,
Marie-Claude Gagnon,328,160 Ouellette Street,"160, rue Ouellette",Marieville,2,J3M 1A5,Canada,(450) 460-2709,45.43721,-73.16828,,S,,
Jean-François Gauthier & Alexandre Rivard,33,200 Sainte-Madeleine Blvd.,"200, boulevard Sainte-Madeleine",Trois-Rivières,2,G8T 9T2,Canada,(819) 375-4821,46.366553,-72.508695,,S,,
"Julie Asselin, David Bolduc, Sophie Champagne & Valérie Gagnon",330,1000 Talbot Blvd.,"1000, boulevard Talbot",Chicoutimi,2,G7H 4B4,Canada,(418) 543-3310,48.41573,-71.04741,,S,,
Karenne Bourque,333,"13905 St-Simon Street, Suite 101","13905, chemin St-Simon, local 101",Mirabel,2,J7N 1P3,Canada,(450) 565-0529,45.70615,-74.09689,,S,,
"Line Thibault, Jacques Thibault & Stéphanie Lalonde",334,725 Saint-Jean-Baptiste Blvd.,"725, boulevard Saint-Jean-Baptiste",Mercier,2,J6R 1G2,Canada,(450) 692-8266,45.31674,-73.74159,,S,,
Karim Chata & Marthe-Audrée Desriveaux,335,2900 Saint-Charles Blvd.,"2900, boulevard Saint-Charles",Kirkland,2,H9H 3B7,Canada,(514) 695-1545,45.44733,-73.85378,,S,,
"Ian Di Maulo, David Kenny & Anne-Marie Côté",336,1125 Montée des Pionniers,"1125, Montée des Pionniers",Terrebonne,2,J6V 0E1,Canada,(450) 585-4105,45.723806,-73.507996,,S,,
Dennis Abud,337,"600, Dieppe Blvd., Suite 100","600, boul. Dieppe, suite 100",Dieppe,1,E1A 9J8,Canada,(506) 854-7474,46.10417,-64.70754,,B,,
"Marie-Josée Hamelin, Chantal Fortin & Lucie Pelletier",338,"520 Principale Street, Suite 1","520, rue Principale, bureau 1",Saint-Amable,2,J0L 1N0,Canada,(450) 649-3100,45.64173,-73.30723,,S,,
Quoc Dung Nguyen,339,2830 Fleury Street East,"2830, rue Fleury est",Montréal,2,H2B 1M2,Canada,(514) 381-3917,45.57848,-73.64505,,C,,
Benoît Latreille,34,610 Cure-Labelle Blvd.,"610, boulevard Curé-Labelle",Laval,2,H7V 2T7,Canada,(450) 687-5910,45.537108,-73.742835,,S,,
Éric Beaulieu & Marie-Christine Charest,340,2020 Rene-Gaultier Blvd.,"2020, boulevard René-Gaultier",Varennes,2,J3X 1N9,Canada,(450) 652-0000,45.67789,-73.43384,,S,,
François Chabot & Philippe Tanguay ,341,155 Notre-Dame Street,"155, rue Notre-Dame",Repentigny,2,J6A 5L3,Canada,(450) 585-1341,45.71709,-73.47089,,S,,
"Claude Saucier, Nicole Héroux, Catherine Bertrand & Jonathan Rouisse",342,12905 Sherbrooke Street East,"12905, rue Sherbrooke Est",Montréal,2,H1A 1B9,Canada,(514) 644-8611,45.656201,-73.509646,,C,,
Stéphanie Benoit & Marie-Claude Chassé,343,895 Foucault Blvd.,"895, boulevard Foucault",Drummondville,2,J2C 1A8,Canada,(819) 477-3343,45.90348,-72.47328,,S,,
Caroline Beauchemin,344,144 Principale Street,"144, rue Principale",Saint-Apollinaire,2,G0S 2E0,Canada,(418) 881-4330,46.6129,-71.51379,,S,,
Suzie Lessard,345,9015 Lacroix Blvd.,"9015, boulevard Lacroix",Saint-Georges,2,G5Y 2B4,Canada,(418) 226-4987,46.13057,-70.69449,,S,,
Manon Berrouard & Patrice Mayrand,346,2545 Saint-Jacques Alley,"2545, ruelle Saint-Jacques",Boisbriand,2,J7H 0C2,Canada,(450) 420-3621,45.625924,-73.852093,,S,,
Francis Hanna Alkass & Thanh-Mai Tran,347,614 Saint-Jacques Street,"614, rue Saint-Jacques",Montréal,2,H3C 1E2,Canada,(514) 954-9555,45.50112,-73.56051,,B,,
"Francis Hanna Alkass, Thanh-Mai Tran & Émilie Chénard",348,908 Basile-Routhier Street,"908, rue Basile-Routhier",Repentigny,2,J5Y 0K3,Canada,(450) 654-5741,45.76837,-73.44562,,S,,
Fatima Ait Addi,349,"8610 Saint-Laurent Blvd., Suite 101","8610, boulevard Saint-Laurent, bureau 101",Montréal,2,H2P 2N4,Canada,(514) 389-1318,45.54106,-73.63892,,S,,
Jean-Michel Coutu & Tristan Giguère,35,2687 De Chambly Street,"2687, chemin de Chambly",Longueuil,2,J4L 1M3,Canada,(450) 468-2222,45.52372,-73.46762,,S,,
François J. Coutu,350,"150 Sainte-Catherine Street West, P.O. Box 181","150, rue Sainte-Catherine Ouest, C.P. 181",Montréal,2,H5B 1B3,Canada,(514) 281-8229,45.50797,-73.56544,,S,,
Karen Ann O'Grady & Katherine Harrison,351,320 De la Canardiere Road,"320, chemin de la Canardière",Québec,2,G1L 2V2,Canada,(418) 522-5351,46.82496,-71.2268,,S,,
Rachel Lajeunesse,352,147 Queen Street,"147, rue Queen",Sherbrooke,2,J1M 1J7,Canada,(819) 569-3601,45.36738,-71.8566,,B,,
Alexandre Du Brule,353,400 Champlain Ave.,"400, avenue Champlain",Disraéli,2,G0N 1E0,Canada,(418) 449-3081,45.89981,-71.35731,,B,,
Julie Thibodeau & Priscillia Roy,354,620 De Joliette Road,"620, chemin de Joliette",Saint-Félix-de-Valois,2,J0K 2M0,Canada,(450) 889-5527,46.15261,-73.43162,,B,,
"France Boivin, David Bolduc, Julie Asselin, Sophie Champagne & Valérie Gagnon",355,871 Sainte-Genevieve Blvd.,"871, boulevard Sainte-Geneviève",Chicoutimi,2,G7G 2E9,Canada,(418) 543-5599,48.44993,-71.08685,,S,,
Marie-Claude Lelièvre,356,"1875 Notre-Dame Street, Local #50","1875, rue Notre-Dame, local #50",L'Ancienne-Lorette,2,G2E 4K1,Canada,(418) 864-7755,46.80956,-71.36877,,S,,
Christine Paquet & Charles Boisvert,357,320 Saint-Joseph Street East,"320, rue Saint-Joseph Est",Québec,2,G1K 8G5,Canada,(418) 529-1867,46.81376,-71.22596,,B,,
Josianne Vigneault,358,1717 Saint-Calixte Street,"1717, rue Saint-Calixte",Plessisville,2,G6L 1R2,Canada,(819) 362-3255,46.21903,-71.772,,S,,
François J. Coutu & Karine Smoragiewicz,36,1819 Dollard Ave.,"1819, avenue Dollard",LaSalle,2,H8N 1T9,Canada,(514) 364-1644,45.429371,-73.632333,,S,,
Guylaine  Roy-Goguen,360,10525 Principale Street,"10525, rue Principale",Saint-Louis-de-Kent,1,E4X 1E7,Canada,(506) 876-1881,46.73719,-64.971871,,B,,
Alain Houde & Jean-François Gagnon,361,"110 Georges Street, Suite 10","110, rue Georges, bureau 10",Gatineau,2,J8M 1A2,Canada,(819) 281-0532,45.55396,-75.4356,,S,,
David Wedge,362,37 Main Street,"37, rue Main",Petitcodiac,1,E4Z 4L9,Canada,(506) 756-3391,45.9322,-65.17482,,B,,
"Bruno Harvey, Mickaël Simard & Guylaine Rousseau",364,1858 Ste-Famille St.,"1858, rue Sainte-Famille",Jonquière,2,G7X 4Y2,Canada,(418) 547-9375,48.429576,-71.234674,,C,,
Patrick Bouchard & Mathieu-Charles Léger,366,148 Fleury Street West,"148, rue Fleury Ouest",Montréal,2,H3L 1T4,Canada,(514) 387-6436,45.54638,-73.66615,,B,,
Rosemary Greco & Sosi Donabet,367,9465 Lajeunesse Street,"9465, rue Lajeunesse",Montréal,2,H2M 1S5,Canada,(514) 389-3575,45.55008,-73.65042,,C,,
Kimberley McKinley,368,3455 Montée Gagnon,"3455, Montée Gagnon",Terrebonne,2,J6Y 1K6,Canada,(450) 419-1411,45.6960526,-73.8068161,,S,,
Heng Mui Chang & Rahsan Erdogdu,37,5333 Henri-Bourassa Blvd. East,"5333, boulevard Henri-Bourassa Est",Montréal,2,H1G 2T1,Canada,(514) 322-7000,45.604981,-73.625731,,S,,
Pierre Dannel & Olivier Dannel,370,2370 Sainte-Sophie Blvd.,"2370, boulevard Sainte-Sophie",Sainte-Sophie,2,J5J 2V3,Canada,(450) 431-5151,45.81902,-73.9014,,S,,
Frédérick Coussa,371,"9090, Leduc Blvd., suite 160","9090, boul. Leduc, suite 160",Brossard,2,J4Y 0E2,Canada,(450) 678-8280,45.44659,-73.438992,,B,,
Jean-Paul Mourad & Frédéric Julien Baker,373,722 L'Annonciation Street North,"722, rue l'Annonciation Nord",Rivière-Rouge,2,J0T 1T0,Canada,(819) 275-3711,46.41556,-74.87262,,B,,
Fanny De Serres & Alexia Nadeau-Leblanc,376,792-2 President-Kennedy Route,"792-2, route du Président-Kennedy",Lévis,2,G6C 1C8,Canada,(418) 837-5861,46.75633,-71.12237,,S,,
Charya Un & Annie Brière,377,645 De la Visitation Street,"645, rue de la Visitation",Saint-Charles-Borromée,2,J6E 4P9,Canada,(450) 867-3340,46.05107,-73.46806,,S,,
Annie Bélanger & Joëlle Rhéaume-Majeau,378,2627 Curé-Labelle Blvd.,"2627, boul. du Curé-Labelle",Prévost,2,J0R 1T0,Canada,(450) 224-0505,45.838468,-74.0607543,,S,,
Brian Fitzpatrick,379,63 Rochette Street,"63, rue Rochette",Petit-Rocher,1,E8J 1J5,Canada,(506) 783-8441,47.785382,-65.718746,,B,,
Marc Kanou & Roba Youssef,38,6405 Leger Blvd.,"6405, boulevard Léger",Montréal,2,H1G 1L4,Canada,(514) 323-6270,45.623035,-73.622712,,S,,
Dave Larouche & Vy Ky Linh Le,381,305 Sherbrooke Street West,"305, rue Sherbrooke Ouest",Montréal,2,H2X 1Y1,Canada,(514) 285-2646,45.508573,-73.571384,,S,,
Andrée-Ann Juneau,383,"1352 des Chutes blvd, Suite 101","1352, boul. des Chutes, bureau 101",Québec,2,G1C 0M5,Canada,(418) 666-0524,46.8734608,-71.16993780000001,,S,,
Marie-Pierre Giner & Nathalie Valet,384,"2600 Laurier Blvd., Suite 193","2600, boulevard Laurier, bureau 193  ",Québec,2,G1V 4T3,Canada,(418) 659-3001,46.7709696,-71.28142760000003,,B,,
Thanh-Mai Tran & Francis Hanna Alkass,385,1224 Notre-Dame Street West,"1224, rue Notre-Dame Ouest",Montréal,2,H3C 1K5,Canada,(514) 938-0017,45.4937167,-73.5641741,,S,,
Pierre Dannel & Olivier Dannel,386,185 Saint-Gabriel Street,"185, rue Saint-Gabriel",Saint-Gabriel-de-Brandon,2,J0K 2N0,Canada,(450) 835-5071,46.2905233,-73.3802034,,S,,
"Thien-Huong Daisy Bui Khac, Bachar Ghanem & Shérif Shousha",387,464 De la Grande-Ligne Road,"464, chemin de la Grande-Ligne",Rigaud,2,J0P 1P0,Canada,(450) 451-2234,45.479966,-74.27729590000001,,B,,
"Jean Archambault, Catherine Archambault & Stéphanie Samson",39,12 Clairevue Blvd. West,"12, boulevard Clairevue Ouest",Saint-Bruno,2,J3V 1P8,Canada,(450) 653-1528,45.529543,-73.345741,,S,,
Kevin Lee,391,"396 William Street, Unit 6","396, rue William, Unité 6",Dalhousie,1,E8C 2X2,Canada,(506) 684-6500,48.066292,-66.3734576,,S,,
Corinne Beaupré & Rana Aoun,392,"800 B-Local 101, Montée de Saint-Sulpice","800 B-Local 101, Montée de Saint-Sulpice",L'Assomption,2,J5W 0M6,Canada,(450) 589-8182,45.8365895,-73.41318849999999,,S,,
Lori Smith,396,210 King Street,210 King Street,St. Stephen,1,E3L 2E3,Canada,(506) 465-8440,45.204316,-67.272734,,S,,
Gilles Lalonde & Nicolas Drouin,397,535 Vanier Road,"535, chemin Vanier",Gatineau,2,J9J 1Z4,Canada,(819) 682-0670,45.4147297,-75.8087394,,S,,
Brian Fitzpatrick & Katie Brewster,398,271 Centre Street,"271, rue Centre",Beresford,1,E8K 1R1,Canada,(506) 542-2222,47.6975027,-65.7027095,,B,,
Andrée Lachapelle,399,"900 Pré-Verts Blvd., suite 1","900, Boulevard des Pré-Verts, suite 1",La Prairie,2,J5R 0R3,Canada,(450) 659-4906,45.40973,-73.46436,,S,,
Jean Thibault,4,75 Tache Blvd. West,"75, boulevard Taché Ouest",Montmagny,2,G5V 3A6,Canada,(418) 248-9511,46.979993,-70.568212,,S,,
"Pierre Thibault, Karim Berrada, Sophya Berrada & Nathalie Laporte",40,500 Marie-Victorin Route,"500, route Marie-Victorin",Tracy,2,J3R 1K7,Canada,(450) 742-3783,46.040057,-73.123448,,S,,
Jacinthe Desjardins & Clément Gagnon,403,37 Perron Blvd. East,"37, boulevard Perron Est",Caplan,2,G0C 1H0,Canada,(418) 388-2345,48.103248,-65.677193,,C,,
Ryan Kennedy,405,"725-1, Millidge Avenue",725-1 avenue Millidge,Saint John,1,E2K 2N7,Canada,(506) 696-0000,45.295883,-66.098277,,C,,
Gilles Lalonde,407,161 Principale Street,"161, rue Principale",Gatineau,2,J9H 7H4,Canada,(819) 684-5338,45.395583,-75.839345,,C,,
François Leblanc et Pierre Leblanc,408,2562 Acadie road,"2562, chemin Acadie",Cap-Pelé,1,E4N 1E3,Canada,(506) 332-9000,46.216683,-64.283222,,B,,
Haithem Hamdi & Luc Normandeau,41,114 Saint-Germain Street West,"114, rue Saint-Germain Ouest",Rimouski,2,G5L 4B5,Canada,(418) 723-2459,48.448945,-68.532992,,S,,
Andrée Lachapelle,410,675 De Saint-Jean Road,"675, chemin de Saint-Jean",La Prairie,2,J5R 2L2,Canada,(450) 659-1554,45.414817,-73.485208,,C,,
Jean-Maurice Vandergoten & Angelo Zaccara,418,509 Oka Road,"509, chemin d'Oka",Deux-Montagnes,2,J7R 1L4,Canada,(450) 473-4541,45.5440598,-73.8920517,,C,,
May Bessissow & Michel Desjardins,42,832 Saint-Laurent Blvd.,"832, boulevard Saint-Laurent",Longueuil,2,J4K 1C3,Canada,(450) 677-6311,45.528153,-73.513441,,S,,
Louis Legault,425,12774 Gouin Blvd. West,"12774, boulevard Gouin Ouest",Pierrefonds,2,H8Z 1W5,Canada,(514) 684-1282,45.504369,-73.836697,,C,,
Christian Ouellet,426,3129 Royal Road,"3129, chemin Royal",Beauport,2,G1E 1V3,Canada,(418) 661-3737,46.850031,-71.211224,,C,,
Alain Houde & Jean-François Godin,429,"1205 Neuville Street, local #103","1205, rue Neuville, local #103",Gatineau,2,J8M 1W2,Canada,(819) 281-1000,45.53098,-75.49464,,B,,
Pierre-Jean Cyr & Michèle Favreau,43,2980 Belanger Street,"2980, rue Bélanger",Montréal,2,H1Y 1A9,Canada,(514) 725-9338,45.555416,-73.595482,,S,,
Brigitte Arseneault & Marc Carrière,430,52 Interprovincial Blvd.,"52, boulevard Interprovincial",Pointe-à-la-Croix,2,G0C 1L0,Canada,(418) 788-2500,48.019751,-66.69464,,C,,
Isabelle Joyal & Nola René-Henri,432,4815 Ontario Street East,"4815, rue Ontario Est",Montréal,2,H1V 1L6,Canada,(514) 254-3507,45.55772,-73.536543,,C,,
Raymond Beaucaire,433,3600 Ontario Street East,"3600, rue Ontario Est",Montréal,2,H1W 1R7,Canada,(514) 526-1633,45.545177,-73.544566,,C,,
Jean-François Bourdages,434,4 A Route du Havre,"4-A, route du Havre",L'Anse-aux-Gascons,2,G0C 1P0,Canada,(418) 396-2025,48.1925,-64.86591,,C,,
Louise Duclos,44,"5150 De l'Ormière Blvd., Suite 30","5150, boulevard de l'Ormière, bureau 30",Québec,2,G1P 4B2,Canada,(418) 872-5361,46.818918,-71.331562,,S,,
"Martin Caron, Raffaele Delli Colli, Gino Consolante & Mélanie Loranger",440,4475 Bannantyne Street,4475 rue Bannantyne,Verdun,2,H4G 1E2,Canada,(514) 768-6615,45.46016,-73.57599,,C,,
Robert Holmes,443,759 Principale Road,"759, chemin Principale",Neguac,1,E9G 1S2,Canada,(506) 776-8649,47.24455,-65.082379,,B,,
Jacques Raymond,448,1099 Larue Ave.,"1099, avenue Larue",Beauport,2,G1C 1J5,Canada,(418) 661-3797,46.888123,-71.170768,,C,,
"Claude Saucier, Nicole Héroux, Catherine Bertrand & Jonathan Rouisse",45,12675 Sherbrooke Street East,"12675, rue Sherbrooke Est",Montréal,2,H1A 3W7,Canada,(514) 642-2251,45.653515,-73.510812,,S,,
André Cyr,451,3175 De la Cote-Sainte-Catherine Street,"3175, chemin de la Côte-Sainte-Catherine",Montréal,2,H3T 1C5,Canada,(514) 345-2191,45.502838,-73.623811,,C,,
Sandra Saad,455,6100 Du Boise Ave.,"6100, avenue du Boisé",Montréal,2,H3S 2W1,Canada,(514) 739-7433,45.511414,-73.622913,,C,,
Olivier Blouin,456,"1190 A, de Courchevel Street, Suite 100","1190 A, rue de Courchevel, suite 100",Lévis,2,G6W 0M6,Canada,(418) 834-5455,46.7316635,-71.26247599999999,,C,,
France Deschênes Leclerc,457,61 Notre-Dame Street West,"61, rue Notre-Dame Ouest",Cap-Chat,2,G0J 1E0,Canada,(418) 786-5551,49.09728,-66.686454,,C,,
François J. Coutu,458,455 Riel Blvd.,"455, boulevard Riel",Gatineau,2,J8Z 2J8,Canada,(819) 770-9020,45.46531,-75.77145,,C,,
Ian Di Maulo & David Kenny,46,100 Brien Blvd.,"100, boulevard Brien",Repentigny,2,J6A 5N4,Canada,(450) 585-7880,45.744363,-73.455143,,S,,
Christian Bastien,461,78 Lemaire Street,"78, rue Lemaire",Sept-Îles,2,G4S 1A3,Canada,(418) 968-4946,50.232618,-66.388017,,C,,
Maxime Daoust-Charest,464,"135 Saint-Antoine Street North, Suite 2","135, rue Saint-Antoine Nord, bureau 2",Granby,2,J2G 5G7,Canada,(450) 372-5555,45.404957,-72.727554,,C,,
Tania Kanou,465,475 De la Côte-Vertu Blvd.,"475, boulevard de la Côte-Vertu",Saint-Laurent,2,H4L 1X7,Canada,(514) 744-0203,45.52341,-73.67202,,C,,
"Michel Gervais, Alexandre Roy, Raymond Matte & David-Alexandre Bérubé",466,1741 3rd Ave.,"1741, 3e avenue",Val-d'Or,2,J9P 1W3,Canada,(819) 824-3646,48.097692,-77.820566,,S,,
"Marc-André Bouchard, Philippe Lavoie & Jean-Sébastien Ménard",467,170 De l'Eglise Ave.,"170, avenue de l'Église",Dolbeau-Mistassini,2,G8L 4W6,Canada,(418) 276-3355,48.89078,-72.20606,,C,,
Dave Larouche & Vy Ky Linh Le,468,1058 Saint-Denis Street,"1058, rue Saint-Denis",Montréal,2,H2X 3J4,Canada,(514) 287-7474,45.512183,-73.55712,,C,,
André St-Onge & Pascal Bouchard,47,5245 Cousineau Blvd. Suite 149,"5245, boulevard Cousineau, bureau 149",Saint-Hubert,2,J3Y 6J8,Canada,(450) 462-2200,45.501962,-73.4249,,S,,
Claudia Rahal & Talin Maral Minoyan,470,"1560 Sherbrooke Street East, Suite 1098-A","1560, rue Sherbrooke Est, bureau 1098-A",Montréal,2,H2L 4M1,Canada,(514) 525-5266,45.52712,-73.5643,,C,,
Magdy Mekhael,471,5351 De la Cote-Saint-Luc Street,"5351, chemin de la Côte Saint-Luc",Montréal,2,H3X 2C3,Canada,(514) 482-2189,45.479797,-73.623887,,C,,
Beverly Salomon,472,5965 Belanger Street East,"5965, rue Bélanger Est",Montréal,2,H1T 1G8,Canada,(514) 251-0555,45.5842691,-73.5720318,,S,,
"Caroline Gagné, Véronique Grenier, Claudia Lachance & Annie Veilleux",473,171 Notre-Dame Street West,"171, rue Notre-Dame Ouest",Thetford Mines,2,G6G 1J5,Canada,(418) 338-8513,46.088626,-71.302458,,B,,
Daniel Lavoie,474,1995 Dionne Blvd.,"1995, boulevard Dionne",Saint-Georges,2,G5Y 3W7,Canada,(418) 228-9731,46.1142538,-70.6755065,,S,,
François Chabot & Philippe Tanguay,475,504 Notre-Dame Street,"504, rue Notre-Dame",Repentigny,2,J6A 2T8,Canada,(450) 581-1400,45.74145,-73.44255,,C,,
Michel Whittom & Terry Whittom,476,334 Route 132,"334, route 132",Newport,2,G0C 2A0,Canada,(418) 777-2013,48.25589,-64.753264,,C,,
Patrick Gilbert & Marilyn Gilbert,477,2876 Davis Place,"2876, Place Davis",Jonquière,2,G7S 2C5,Canada,(418) 548-0871,48.425791,-71.183499,,B,,
Samir Sneij,478,8440 Lacordaire Blvd.,"8440, boulevard Lacordaire",Montréal,2,H1R 2A5,Canada,(514) 322-8160,45.58819,-73.59768,,S,,
Édith Castilloux & Luc Normandeau,479,359 Jessop Blvd.,"359, boulevard Jessop",Rimouski,2,G5L 1M9,Canada,(418) 722-7755,48.46436,-68.51654,,S,,
Marie-Josée Mercier & Martine Bédard,48,253 Harwood Blvd.,"253, boulevard Harwood",Vaudreuil-Dorion,2,J7V 1Y3,Canada,(450) 455-6141,45.3817673,-74.0147934,,S,,
Johanne St-Louis,480,783 Notre-Dame Street,"783, rue Notre-Dame",Repentigny,2,J5Y 1B4,Canada,(450) 582-1773,45.76059,-73.42464,,C,,
Daniel Paquette,481,10300 Sainte-Marguerite Road,"10300, chemin Sainte-Marguerite",Trois-Rivières,2,G9B 6M4,Canada,(819) 377-2211,46.29383,-72.66888,,B,,
Simon Desmarquis & Philippe Nadeau,482,"1048 Saint-Jean Street, Suite 101","1048, rue Saint-Jean, bureau 101",Québec,2,G1R 1R6,Canada,(418) 692-5959,46.81329,-71.21181,,B,,
Sylvie Robillard & Kamran Taheri,484,1062 Ghislain Street,"1062, rue Ghislain",Hawkesbury,3,K6A 3B2,Canada,(613) 632-4488,45.59975,-74.61154,,C,,
Ian Di Maulo & David Kenny,486,"155 Lacombe Blvd., Suite 160","155, boulevard Lacombe, bureau 160",Repentigny,2,J5Z 3C4,Canada,(450) 582-0840,45.743012,-73.480655,,C,,
Patrick Bouchard & Mathieu-Charles Léger ,487,241 Fleury Street West,"241, rue Fleury Ouest",Montréal,2,H3L 1V2,Canada,(514) 389-3655,45.54501,-73.66698,,C,,
Line Thibault & Jacques Thibault,488,"72 Saint-Jean-Baptiste Blvd., Local 146","72, boulevard Saint-Jean-Baptiste, local 146",Châteauguay,2,J6K 4Y7,Canada,(450) 699-4307,45.361775,-73.713477,,C,,
Annie Bélanger & Joëlle Rhéaume-Majeau,489,"2894 Curé-Labelle Blvd., suite 100","2894, boul. Curé-Labelle, bureau 100",Prévost,2,J0R 1T0,Canada,(450) 224-2959,45.8601036,-74.07034,,C,,
Daniel Busque,49,1001 Montarville Blvd.,"1001, boulevard Montarville",Boucherville,2,J4B 6P5,Canada,(450) 641-1150,45.591188,-73.436118,,S,,
Yves Tremblay & Jean-Michel Drapeau,491,297 Saint-Jovite Street,"297, rue Saint-Jovite",Saint-Jérôme,2,J7Z 7J3,Canada,(450) 431-6268,45.767234,-73.998291,,C,,
"Thien-Huong Daisy Bui Khac, Bachar Ghanem & Shérif Shousha",492,"1 Hôtel de Ville, Suite 103","1, Hôtel de Ville, suite 103",Rigaud,2,J0P 1P0,Canada,(450) 451-5370,45.4763932,-74.30453940000001,,C,,
Nicole Godin & Daniel Melanson,493,1 de L'Église Ave.,"1, avenue de L'Église",St-Antoine,1,E4V 1L6,Canada,(506) 525-2525,46.3626518,-64.7528381,,C,,
Fanie Archambault & Alexandre Morisset,494,1080 Grand-Héron Blvd.,"1080, boul du Grand-Héron",Saint-Jérôme,2,J5L 1G2,Canada,(450) 592-3700,45.756293,-74.020958,,S,,
"Amélie Anh Nguyen, Jacques Thibault & Line Thibault",495,"520 Cadieux Blvd, local 101","520, boul. Cadieux, local 101",Beauharnois,2,J6N 0R5,Canada,(450) 225-3232,45.303231,-73.871877,,S,,
François J. Coutu,496,280 Route 338,"280, route 338",Les Coteaux,2,J7X 1A2,Canada,(450) 217-1727,45.258292,-74.211381,,S,,
May Balian & Emad Gabra,497,5580 Henri-Bourassa Ouest Blvd.,"5580, boulevard Henri-Bourassa Ouest",Montréal,2,H4R 0M6,Canada,(514) 379-1500,45.519841,-73.712069,,S,,
Isabelle Joyal & Nola René-Henri,5,4484 Sainte-Catherine Street East,"4484, rue Sainte-Catherine Est",Montréal,2,H1V 1Y5,Canada,(514) 255-4914,45.552532,-73.53275,,S,,
Nancy Le May,50,1650 Royale Street,"1650, rue Royale",Trois-Rivières,2,G9A 4K3,Canada,(819) 378-1444,46.340824,-72.545077,,S,,
François J. Coutu & Luc Chainé,51,15 Montclair Blvd.,"15, boulevard Montclair",Gatineau,2,J8Y 2E2,Canada,(819) 770-4232,45.440361,-75.730832,,S,,
Valerio Tomaselli,52,4930 Saint-Jean Blvd.,"4930, boulevard Saint-Jean",Pierrefonds,2,H9H 4B2,Canada,(514) 620-7920,45.492211,-73.852159,,S,,
Jean-Maurice Vandergoten & Angelo Zaccara,53,319 Arthur-Sauve Blvd.,"319, boulevard Arthur-Sauvé",Saint-Eustache,2,J7P 2B1,Canada,(450) 473-2751,45.561531,-73.901757,,S,,
Jacques Bouillon,54,253-B Labelle Blvd.,"253-B, boulevard Labelle",Rosemère,2,J7A 2H3,Canada,(450) 437-9151,45.626941,-73.806976,,S,,
Louis Michaud,55,6420 Sherbrooke Street East,"6420, rue Sherbrooke Est",Montréal,2,H1N 3P6,Canada,(514) 259-6991,45.580902,-73.543947,,S,,
Daniel Lavoie,56,11400 1st Ave.,"11400, 1ère avenue",Saint-Georges,2,G5Y 5S4,Canada,(418) 227-1515,46.12044,-70.67251,,S,,
Gilles Lalonde,57,381 Maloney Blvd. East,"381, boulevard Maloney Est",Gatineau,2,J8P 1E3,Canada,(819) 663-4164,45.484521,-75.642287,,S,,
François Otis & Alexandre Deslauriers,58,930 Des Seigneurs Blvd.,"930, boulevard des Seigneurs",Terrebonne,2,J6W 1V1,Canada,(450) 492-0810,45.701544,-73.641785,,S,,
Michaël Giguère & Sébastien Thivierge,6,3280 Sainte-Foy Street,"3280, chemin Sainte-Foy",Québec,2,G1X 1S1,Canada,(418) 659-3788,46.770878,-71.319067,,S,,
Dave Larouche & Vy Ky Linh Le,60,5815 Sherbrooke Street West,"5815, rue Sherbrooke Ouest",Montréal,2,H4A 1X4,Canada,(514) 483-5790,45.46971,-73.61772,,S,,
"Valérie Marcouiller, Marie Nguyen, Julie Dansereau & Julie Dubois",61,501 Mont-Royal Ave. East,"501, avenue Mont-Royal Est",Montréal,2,H2J 1W6,Canada,(514) 521-3481,45.525005,-73.582001,,S,,
Fernand Lachance,62,947 Seminaire Blvd. North,"947, boulevard du Séminaire Nord",Saint-Jean-sur-Richelieu,2,J3A 1K1,Canada,(450) 348-9251,45.333895,-73.267744,,S,,
Robert Cotchikian,63,5692 Du Parc Ave.,"5692, avenue du Parc",Montréal,2,H2V 4H1,Canada,(514) 270-6500,45.522851,-73.603204,,S,,
Paul Trottier,64,5 9th Street East,"5, 9e rue Est",Cornwall,3,K6H 6R3,Canada,(613) 938-7339,45.028747,-74.734704,,S,,
"Nelly Kanou, Tania Kanou & Sita Marachian",65,5855 Gouin Blvd. West,"5855, boulevard Gouin Ouest",Cartierville,2,H4J 1E5,Canada,(514) 334-8641,45.532075,-73.720632,,S,,
Louis Legault & Karine Legault,66,4894 Des Sources Blvd.,"4894, boulevard des Sources",Dollard-des-Ormeaux,2,H8Y 3C7,Canada,(514) 684-6131,45.505017,-73.81844,,S,,
Andrée Lachapelle,67,50 Taschereau Blvd.,"50, boulevard Taschereau",La Prairie,2,J5R 4V3,Canada,(450) 659-1936,45.423844,-73.483994,,S,,
"Maher Bitar, Valérie Savoie-Rosay & Jean Coutu",68,1675 Sainte-Catherine Street West,"1675, rue Sainte-Catherine Ouest",Montréal,2,H3H 1L9,Canada,(514) 933-4221,45.494411,-73.578741,,S,,
Brian Fitzpatrick,69,1047 St. Peter Ave.,"1047, avenue St. Peter",Bathurst,1,E2A 2Z6,Canada,(506) 546-6666,47.635013,-65.673539,,S,,
May Balian & Emad Gabra,7,802 Decarie Blvd.,"802, boulevard Décarie",Saint-Laurent,2,H4L 3L9,Canada,(514) 747-3521,45.511615,-73.678572,,S,,
Anik Bertrand,70,1470 King Street West,"1470, rue King Ouest",Sherbrooke,2,J1J 2C2,Canada,(819) 564-3111,45.398589,-71.912686,,S,,
Robert Felber,71,7275 Langelier Blvd.,"7275, boulevard Langelier",Saint-Léonard,2,H1S 1V6,Canada,(514) 259-4614,45.591484,-73.57238,,S,,
Marie-Josée Girard & Jean-Philippe Tanguay,72,115 Gamble Street West,"115, rue Gamble Ouest",Rouyn-Noranda,2,J9X 2R5,Canada,(819) 764-9551,48.239907,-79.023557,,S,,
Jean-François Rondeau,73,84 5th Ave. East,"84, 5e avenue Est",La Sarre,2,J9Z 1K9,Canada,(819) 333-1160,48.805789,-79.201275,,S,,
Guy St-Onge,74,8990 Henri-Bourassa Blvd.,"8990, boulevard Henri-Bourassa",Québec,2,G1G 4E3,Canada,(418) 628-8144,46.867961,-71.27446,,S,,
Claudia Rahal & Talin Maral Minoyan,75,10330 Pie IX Blvd.,"10330, boulevard Pie IX",Montréal,2,H1H 3Z6,Canada,(514) 325-4307,45.586428,-73.632732,,S,,
Jacques Bourget,76,2955 de la Concorde Blvd. East,"2955, boulevard de la Concorde Est",Laval,2,H7E 2B5,Canada,(450) 661-2585,45.591917,-73.66938,,S,,
Marc Airoldi,77,1135 Cure-Poirier Blvd. West,"1135, boulevard Curé-Poirier Ouest",Longueuil,2,J4K 2E7,Canada,(450) 670-7777,45.515521,-73.490662,,S,,
Therese Abeskaroun,78,485 Beaconsfield Blvd.,"485, boulevard Beaconsfield",Beaconsfield,2,H9W 4C3,Canada,(514) 695-3322,45.419585,-73.882071,,S,,
Christian Ouellet,79,3333 Du Carrefour Street,"3333, rue du Carrefour",Beauport,2,G1C 5R9,Canada,(418) 667-7534,46.859293,-71.216295,,S,,
Raffaele Delli Colli & Gino Consolante,8,4061 Wellington Street,"4061, rue Wellington",Verdun,2,H4G 1V6,Canada,(514) 761-4591,45.463101,-73.567142,,S,,
Rose Carmen Décembre & Pascale Dorméus,80,9210 Sherbrooke Street East,"9210, rue Sherbrooke Est",Montréal,2,H1L 1E5,Canada,(514) 351-1340,45.609464,-73.527171,,S,,
Tania Kanou,81,237 De La Cote-Vertu Blvd.,"237, boulevard de la Côte-Vertu",Saint-Laurent,2,H4N 1C8,Canada,(514) 331-2134,45.528228,-73.669327,,S,,
Michaël Gariépy,82,212 Saint-Jacques Ave.,"212, avenue Saint-Jacques",Saint-Raymond-de-Portneuf,2,G3L 3Y8,Canada,(418) 337-3030,46.892783,-71.840161,,S,,
Sonia Guimont,83,275 Sir-Wilfrid-Laurier Blvd.,"275, boulevard Sir-Wilfrid-Laurier",Saint-Basile-le-Grand,2,J3N 1V6,Canada,(450) 441-1944,45.525114,-73.301684,,S,,
Luigi Villaggi,84,2065 Des Laurentides Blvd.,"2065, boulevard des Laurentides",Laval,2,H7M 4M2,Canada,(450) 663-0672,45.60761,-73.73295,,S,,
Martine Boily & Marylène Cuerrier,85,75 Gare Ave.,"75, avenue de la Gare",Saint-Sauveur-des-Monts,2,J0R 1R6,Canada,(450) 227-8488,45.89165,-74.15311,,S,,
Simon Favreau Pelchat & Marie-Claude Favreau,86,"1083 Cure-Labelle Blvd., Suite 110","1083, boulevard Curé-Labelle, bureau 110",Blainville,2,J7C 3M9,Canada,(450) 435-1981,45.67676,-73.88607,,S,,
Claude Lemonde & Nathalie Lemonde,87,350 Sir-Wilfrid-Laurier Blvd.,"350, boulevard Sir-Wilfrid-Laurier",Beloeil,2,J3G 4G7,Canada,(450) 467-0296,45.555959,-73.211621,,S,,
Philippe Guay & Marlène Dubé,88,257 Sir-Wilfrid-Laurier Blvd.,"257, boulevard Sir-Wilfrid-Laurier",Mont-Saint-Hilaire,2,J3H 3N8,Canada,(450) 464-1363,45.562166,-73.191682,,S,,
Dany Belzile,89,691 Lafleche Blvd.,"691, boulevard Laflèche",Baie-Comeau,2,G5C 1C4,Canada,(418) 589-4969,49.200289,-68.258019,,S,,
Jacques Thibault,9,97 D'Anjou Blvd.,"97, boulevard d'Anjou",Châteauguay,2,J6J 2R1,Canada,(450) 691-2622,45.360695,-73.732392,,S,,
"Maher Bitar, Valérie Savoie-Rosay, Jean Coutu & Lynn Minotti",90,865 Sainte-Catherine Street East,"865, rue Sainte-Catherine Est",Montréal,2,H2L 2E4,Canada,(514) 842-9622,45.516259,-73.558321,,S,,
Gabriel Baddour & Valérie Lajeunesse,91,6500 Saint-Hubert Street,"6500, rue Saint-Hubert",Montréal,2,H2S 2M3,Canada,(514) 272-8233,45.536218,-73.603508,,S,,
Martin Chao,92,4466 Beaubien Street East,"4466, rue Beaubien Est",Montréal,2,H1T 3Y8,Canada,(514) 728-3674,45.565975,-73.576588,,S,,
Marie-Claude Demers,93,2700 Masson Street,"2700, rue Masson",Montréal,2,H1Y 1W5,Canada,(514) 522-3055,45.546306,-73.575779,,S,,
"Valérie Marcouiller, Marie Nguyen, Julie Dansereau & Julie Dubois",94,1990 Mont-Royal Ave. East,"1990, avenue Mont-Royal Est",Montréal,2,H2H 1J4,Canada,(514) 527-3485,45.534502,-73.572893,,S,,
Kim Levesque-Côté,95,276 Broadway Blvd.,"276, boulevard Broadway",Grand-Sault,1,E3Z 2K2,Canada,(506) 473-3300,47.047907,-67.739683,,S,,
René Gagné & Marcel Proulx,96,598 Victoria Ave.,"598, avenue Victoria",Saint-Lambert,2,J4P 2J6,Canada,(450) 671-7228,45.50064,-73.509494,,S,,
Andrée Lachapelle,97,"70 Route 132, Suite 101","70, route 132, bureau 101",Delson,2,J5B 0A1,Canada,(450) 638-1414,45.38573,-73.548249,,S,,
Kevin Boivin & François Daigneault,99,1295 Des Cascades Street,"1295, rue des Cascades",Saint-Hyacinthe,2,J2S 3H2,Canada,(450) 773-8447,45.625533,-72.944405,,S,,
