store_name,store_number,address,address2,city,state,zip_code,country,phone_number,latitude,longitude,store_hours,store_type,other_fields,coming_soon
Goodyear,,783 Cotton Lane Suite C-5,,Goodyear,AZ,85338,United States,(623) 935-2222,,,,,,
Gilbert - East,,"1440 S. Higley Road, Suite 105 (between Ray and 202)",,Gilbert,AZ,85296,United States,(480) 685-4950,,,,,,
Dana Park,,"3426 East Baseline Road, Suite 118",,Mesa,AZ,85204,United States,(480) 350-7750,,,,,,
East Mesa - Red Mountain,,2836 N Power Rd. Suite 102,,Mesa,AZ,85215,United States,(480) 634-6666,,,,,,
Downtown Phoenix,,"50 W Jefferson Street, Suite 150",,Phoenix,AZ,85003,United States,(602) 254-2929,,,,,,
Flagstaff,,601 E. Piccadilly Dr. Suite 25,,Flagstaff,AZ,86001,United States,(928) 288-5300,,,,,,
Camelback Colonnade,,"1928 E. Highland Ave., Suite 105",,Phoenix,AZ,85016,United States,(602) 277-5400,,,,,,
Happy Valley,,"2501 West Happy Valley Road, Suite 32-1020",,Phoenix,AZ,85085,United States,(602) 456-6900,,,,,,
Gilbert,,"1110 S Gilbert Rd, Suite 102",,Gilbert,AZ,85296,United States,(480) 272-9400,,,,,,
Arcadia,,"5109 N. 44th Street, D401",,Phoenix,AZ,85018,United States,(602) 955-1798,,,,,,
Arrowhead,,"17530 N 75th Ave, Suite 100",,Glendale,AZ,85308,United States,(623) 266-9671,,,,,,
McCormick Ranch,,"7001 N. Scottsdale Road, Suite E-185",,Scottsdale,AZ,85253,United States,(480) 405-2737,,,,,,
Central Phoenix,,"742 E Glendale Ave, Suite 172",,Phoenix,AZ,85020,United States,(602) 749-1111,,,,,,
Lake Pleasant,,"25314 N Lake Pleasant Pkwy, Suite 1260",,Peoria,AZ,85383,United States,(623) 566-1221,,,,,,
Auburn,,"1345 Opelika Road, Suite 1&2",,Auburn,AL,36830,United States,(334) 521-8081,,,,,,
Ahwatukee,,"900 N 54th Street, Suite 2",,Chandler,AZ,85226,United States,(480) 686-9054,,,,,,
Islington,,240 Upper Street,,Islington,London,N1 1RU,United Kingdom,0207 226 6744,,,,,,
Aldgate,,1 Alie Street,,Aldgate,London,E1 8DE,United Kingdom,020 7481 1599,,,,,,
Bellavista,,Avenida Sarasota Esquina Pedro Bobea Almacenes Unidos,,Bellavista,Santo Domingo,,Dominican Republic,(809) 227-7801 ext. 924,,,,,,
Santo Domingo,,Avenida Lope de Vega #29,,Centro Comercial Novocentro,Santo Domingo,,Dominican Republic,(809) 567-5236,,,,,,
Gungahlin,,10 Gribble St.,,Gungahlin,ACT,2912,Australia,02 6210 5010,,,,,,
Monterrey,,Av. Gomez Morin 1105 Local No 108 Col Carrizalejo,,San Pedro Garza Garcia,Nuevo Leon,,Mexico,(818) 303-0089,,,,,,
Ciudad de México – Lomas,,Plaza Carso Palmas en Ave. Paseo de las Palmas 781 S1-A Lomas de Chapultepec,,Mexico City,C.P.,11560,Mexico,52 55 2155 1527,,,,,,
Ciudad de México – Polanco,,147 Avenida Horacio,,Ciudad de México,MX,11560,Mexico,+52 55 91 31 86 03,,,,,,
"Lima, Peru",,"Av. Calle 7 Cruce con Calle El Sauce 2do Piso, Prolongacion Av. Raul Ferrero, Frente Club Hipico",,La Molina,Lima,Peru,Peru,51-933-433-320,,,,,,
Bogota 72,,"Carrera 9 # 72-20, Piso 3",,Bogotá,D.C.,110221,Colombia,57 (1) 702-3438,,,,,,
Bogota 116,,Calle 116 #16-09 Piso 3,,Bogotá,D.C.,110111,Colombia,57 (1) 702-3438,,,,,,
Hawthorn,,202 Belair Rd,,Adelaide,SA,5062,Australia,61 8 8490 0910,,,,,,
Bondi Junction,,"Shop 3, 64 Bronte Rd",,Bondi Junction,NSW,2022,Australia,(02) 8579-7700,,,,,,
,,Aspley Homemaker City  Cnr Gympie & Zillmere Rd,,Aspley,Brisbane,QLD,Australia,61 7 3535 7110,,,,,,
Ciudad de México – Interlomas,,"Huixquilucan, CP Blvd. Magnocentro #26 local 112A PB",,Huixquilucan,HP,52760,Mexico,+52 55 52 90 07 27,,,,,,
St. John's,,"70 White Rose Drive, Unit 1",,St. John's,Newfoundland,A1A 0L2,Canada,(709) 700-0330,,,,,,
Rosemère,,401 Boulevard Curé-Labelle Unité A-01,,Rosemère,Quebec,J7A 3T2,Canada,450-234-1238,,,,,,
Saskatoon,,"311 Cope Lane, Unit 100",,Saskatoon,SK,S7T 0G3,Canada,(306) 244-6764,,,,,,
Boucherville,,1001 Boulevard de Montarville,,Boucherville,Québec,J4B 6P5,Canada,(450) 700-2155,,,,,,
Pointe-Claire,,315 Brunswick Blvd. Unit #34,,Pointe-Claire,QC,H9R 5M7,Canada,(514) 426-0077,,,,,,
Waterloo,,17 Danks Street,,Waterloo,NSW,2017,Australia,96996170,,,,,,
Regina,,2101 Quance Street,,Regina,SK,S4V 3L9,Canada,(306) 545-3500,,,,,,
Vaughan Major MacKenzie,,2891 Major Mackenzie Drive,,Vaughan,ON,L6A 3N9,Canada,905-231-3872,,,,,,
Yonge & Eglinton,,97 Eglinton Avenue East,,Toronto,ON,M4P 1H4,Canada,(416) 800-9551,,,,,,
Whitby,,4071 Thickson Rd N,,Whitby,ON,L1R 2X3,Canada,(905) 481-0101,,,,,,
Parkside Village,,4036 Confederation Parkway,,Mississauga,ON,L5B0J6,Canada,(905) 277-2876,,,,,,
Waterloo,,450 Columbia Street W,,Waterloo,ON,N2T 2W1,Canada,(226) 243-3575,,,,,,
Wellington South,,"1025 Wellington Road, Unit 4",,London,ON,N6E 1W4,Canada,(519) 200-4692,,,,,,
Stittsville,,"5703 Hazeldean Road, Unit 2",,Stittsville,ON,K2S 0P6,Canada,(613) 505-0270,,,,,,
South Oakville,,487 Cornwall Road,,Oakville,ON,L6J 7S8,Canada,(289) 813-0099,,,,,,
Oshawa,,789 Taunton RD. East,,Oshawa,ON,L1h 7k5,Canada,(905) 335-3076,,,,,,
South Keys,,1001 Daze Street,,Ottawa,ON,K1V 2G3,Canada,(613) 800-0860,,,,,,
Rutherford,,9200 Bathurst St. Unit 25B,,Vaughan,ON,L4J 8W1,Canada,289-809-4303,,,,,,
North Oakville,,Unit G2A 275 Hays Blvd.,,Oakville,ON,L6H 6Z3,Canada,289-813-4247,,,,,,
Parklawn,,6 Park Lawn Road,,Etobicoke,ON,M8V 1A4,Canada,416-800-9551,,,,,,
Merivale-Ottawa,,1445 Merivale Rd. Suite 105,,Ottawa,ON,K2E 5N9,Canada,613-699-0029,,,,,,
Mississauga - Creekside Crossing,,1500 Dundas Street East,,Mississauga,ON,L4X 1L4,Canada,647-494-3364,,,,,,
North York,,"1881 Steeles Avenue West, #3",,Toronto,ON,M3H 5Y4,Canada,(647) 801-8068,,,,,,
Guelph,,84 Clair Road E,,Guelph,ON,N1L 0G6,Canada,226-780-0822,,,,,,
Newmarket - Aurora,,"16880 Younge Street, #5",,Newmarket,ON,L3Y 0A3,Canada,(289) 807-3888,,,,,,
Fairview,,3315 Fairview Street,,Burlington,ON,L7N 3N9,Canada,(289) 780-4500,,,,,,
Burlington - North,,3450 Dundas St. West,,Burlington,ON,L7M 4B8,Canada,(289) 780-4544,,,,,,
South Surrey,,"15355 24th Avenue, Unit #540",,Surrey,BC,V4A 2H9,Canada,(604) 560-1160,,,,,,
Brampton,,"35 Resolution Drive, Unit J08",,Brampton,ON,L6W 0A6,Canada,(905) 799-1600,,,,,,
East Hamilton,,75 Centennial Parkway North,,Hamilton,ON,L8E 2P2,Canada,289-799-2156,,,,,,
Elgin Mills,,"10775 Leslie St., #405",,Richmond Hill,ON,L4S OB2,Canada,(289) 809-8773,,,,,,
Westshore,,"2945 Jacklin Road, Unit 133",,Victoria,BC,V9B 5E3,Canada,(250) 483-7444,,,,,,
Danforth,,423 Danforth Avenue,,Toronto,ON,M4K 1P1,Canada,(416) 800-9551,,,,,,
Bloor West,,2480 Bloor Street West,,Toronto,Ontario,M6S1R5,Canada,416-234-9976,,,,,,
Ancaster,,"1191 Wilson Street West, Unit #3",,Ancaster,ON,L9G 3K9,Canada,(289) 780-8600,,,,,,
Langley,,#128 19665 Willowbrook Drive,,Langley,BC,V2Y 1A5,Canada,(604) 427-1604,,,,,,
Port Moody,,"400 Capilano Road, Unit 11",,Port Moody,BC,V3H 0E6,Canada,(604) 492-4565,,,,,,
Taylor,,7-1170 Taylor Avenue,,Winnipeg,MB,R3M 3Z4,Canada,(204) 808-9794,,,,,,
North Vancouver,,#107 - 1171 Marine Drive,,North Vancouver,BC,V7P 1S8,Canada,(604) 971-1566,,,,,,
Victoria,,1010-2 Yates Street,,Victoria,BC,V8V 3M6,Canada,(250) 984-8056,,,,,,
Sage Creek,,"50 Sage Creek Blvd., Unit 802",,Winnipeg,MB,R3X 0J6,Canada,(204) 272-0322,,,,,,
Barrie,,15 Maple Avenue,,Barrie,ON,L4N 2N6,Canada,(705) 302-0492,,,,,,
Kelowna,,"#115, 590 K.L.O Road",,Kelowna,BC,V1Y 7S2,Canada,(250) 860-6888,,,,,,
Convention Centre West,,66 – 1055 Canada Place,,Vancouver,BC,V6C 3T4,Canada,778-379-4916,,,,,,
West Lethbridge,,#200 550 University Drive,,Lethbridge,AB,T1J 4V3,Canada,(403) 328-9808,,,,,,
Kensington,,301- 10th St. NW,,Calgary,AB,T2N 1V5,Canada,(403) 306-0161,,,,,,
Kamloops,,#260-1210 Summit Drive,,Kamloops,BC,V2C 6M1,Canada,(250) 851-9838,,,,,,
St. Albert,,"11 Bellerose Drive, Unit #37",,St. Albert,AB,T8N 5C9,Canada,(780) 800-0045,,,,,,
West Springs,,"Unit 8003, 873 85th Street SW",,Calgary,AB,T3H 0J5,Canada,(403) 727-6776,,,,,,
Strathcona,,7911-104 Street Northwest,,Edmonton,AB,T6E 6M6,Canada,(780) 800-1940,,,,,,
Sherwood Park,,"993 Fir Street, #86",,Sherwood Park,AB,T8A 4N5,Canada,(780) 800-0474,,,,,,
Riverbend,,484 Riverbend Square NW,,Edmonton,AB,T6R 2E3,Canada,(780) 800-0470,,,,,,
Seton,,"Suite #190, 19489 Seton Crescent SE",,Calgary,AB,T3M 1T4,Canada,(403) 570-8730,,,,,,
Manning,,4841 167 Avenue NW,,Edmonton,AB,T5Y 0S4,Canada,780-800-9670,,,,,,
Shawnessy,,70 Shawville Blvd SE,,Calgary,AB,T2Y 2Z3,Canada,(587) 481-8765,,,,,,
Ellerslie,,5061 Ellerslie Road,,Edmonton,AB,Tx6 1x2,Canada,(780) 640-1197,,,,,,
Red Deer,,"#130, 6 Clearview Market Way",,Red Deer,AB,T4P 0M9,Canada,(403) 406-3500,,,,,,
Royal Oak,,#317- 8888 Country Hills Blvd NW,,Calgary,AB,T3G 5T4,Canada,1 (403) 474-8959,,,,,,
Namao,,16620 95 Street NW,,Edmonton,AB,T5Z 3L2,Canada,(780) 800-0400,,,,,,
Jasper Gates,,15049 Stony Plain Road NW,,Edmonton,AB,T5P 4W1,Canada,780-666-9707,,,,,,
Shorewood,,4155 N. Oakland Ave.,,Shorewood,WI,53211,United States,(414) 930-4545,,,,,,
Creekside,,#126 - 11988 Symons Valley Road NW,,Calgary,AB,T3P 0A3,Canada,(587) 316-2121,,,,,,
Mequon,,11305 N. Cedarburg Rd.,,Mequon,WI,53092,United States,(262) 457-7880,,,,,,
Madison West,,7803 Mineral Point Road,,Madison,WI,53717,United States,(608) 960-4044,,,,,,
Merritt Creek Farms,,3034 Champion Dr.,,Barboursville,WV,25504,United States,(304) 521-1500,,,,,,
Madison,,"2501 W. Beltline Highway, Suite 105",,Madison,WI,53713,United States,(608) 709-8099,,,,,,
Delafield,,3149 Golf Rd.,,Delafield,WI,53018,United States,(262) 510-0566,,,,,,
Brookfield,,15375 W Bluemound Rd,,Brookfield,WI,53005,United States,(262) 439-8402,,,,,,
Richland,,1034 Queensgate Dr.,,Richland,WA,99352,United States,(509) 492-5949,,,,,,
U District Washington,,7317 35th Avenue NE,,Seattle,WA,98115,United States,(206) 330-0502,,,,,,
Shoreline,,"18336 Aurora Ave. N., Suite 108",,Shoreline,WA,98133,United States,(206) 504-1511,,,,,,
Mill Creek,,12902 Bothell Everett Hwy,,Everett,WA,98208,United States,(206) 330-0511,,,,,,
Redmond,,16535 NE 76th St.,,Redmond,WA,98052,United States,(425) 522-4838,,,,,,
Spokane South Hill,,2620 East 29th Avenue,,Spokane,WA,99223,United States,(509) 774-0636,,,,,,
Mercer Island,,2601 76th Ave SE,,Mercer Island,WA,98040,United States,(425) 278-5709,,,,,,
Capitol Hill,,"519 East Broadway Avenue, Suite 8",,Seattle,WA,98102,United States,(206) 467-1690,,,,,,
Maple Valley,,"26555 Maple Valley Black Diamond SE, Suite 102",,Maple Valley,WA,98038,United States,(206) 330-0509,,,,,,
Bothell,,"22627 Bothell Everett Hwy, Suite A",,Bothell,WA,98021,United States,(425) 318-7353,,,,,,
Ballard,,2032 NW Market St.,,Seattle,WA,98107,United States,(206) 330-0510,,,,,,
Bellevue,,30 Bellevue Way NE,,Bellevue,WA,98004,United States,(206) 785-9190,,,,,,
Lower Queen Anne,,500 Mercer Street,,Seattle,WA,98109,United States,(206) 282-0557,,,,,,
Virginia Beach - Red Mill,,"2111 Princess Anne Rd., Suite 106",,Virginia Beach,VA,23456,United States,(757) 802-3280,,,,,,
Belltown,,"2310 5th Ave., Suite 3",,Seattle,WA,98121,United States,(206) 855-5089,,,,,,
Potomac Yard,,650 Potomac Avenue,,Alexandria,VA,22301,United States,571-403-9831,,,,,,
Virginia Beach - Hilltop,,737 First Colonial Rd. Suite #216,,Virginia Beach,VA,23451,United States,(757) 828-1228,,,,,,
Rosslyn,,1776 Wilson Blvd,,Arlington,VA,22209,United States,(571) 431-6140,,,,,,
Sterling,,20806 Edds Lane,,Sterling,VA,20165,United States,(571) 257-0077,,,,,,
Short Pump,,11819 West Broad St.,,Henrico,VA,23233,United States,(804) 823-7530,,,,,,
Old Town Alexandria,,1101 King Street,,Alexandria,VA,22314,United States,(571) 919-0379,,,,,,
Newport News,,12515 Jefferson Ave,,Newport News,VA,23602,United States,(757) 849-0220,,,,,,
Pentagon City,,"1221 South Fern Street, C-1",,Arlington,VA,22202,United States,(571) 349-0033,,,,,,
Midlothian,,15801 City View Drive,,Midlothian,VA,23113,United States,(804) 510-0300,,,,,,
McLean,,6623 Old Dominion Drive,,McLean,VA,22101,United States,(703) 722-0601,,,,,,
Gainesville,,14062 Promenade Commons Ct.,,Gainesville,VA,20155,United States,(571) 222-5448,,,,,,
,,"9027 Silverbrook Rd., Suite 101",,Fairfax Station,VA,22039,United States,(703) 424-9894,,,,,,
Lake Ridge,,4172 Merchant Plaza,,Woodbridge,VA,22192,United States,571-589-8088,,,,,,
Harrisonburg,,1005 Port Republic Rd.,,Harrisonburg,VA,22801,United States,(540) 324-2314,,,,,,
Fairfax City,,"10621 Braddock Road, Suite J",,Fairfax,VA,22032,United States,(703) 595-2231,,,,,,
Dunn Loring - Vienna,,"2672 Avenir Place, Q",,Vienna,VA,22180,United States,(703) 222-2651,,,,,,
Chesapeake,,940 Cedar Rd. Ste # 108,,Chesapeake,VA,23322,United States,(757) 785-4455,,,,,,
Sugar House,,1202 E Wilmington Avenue Suite 100,,Salt Lake City,UT,84106,United States,385-236-1122,,,,,,
Fredericksburg,,10002 Southpoint Parkway,,Fredericksburg,VA,22407,United States,540-300-6688,,,,,,
Charlottesville,,1935 Arlington Boulevard #M006,,Charlottesville,VA,22903,United States,(434) 483-5757,,,,,,
Sandy,,10261 S. State St.,,Sandy,UT,84070,United States,(801) 821-4675,,,,,,
,,"44050 Ashburn Village Blvd., Ste 189",,Ashburn,VA,20147,United States,(703) 881-9110,,,,,,
South Jordan,,"11516 District Drive, Suite 600",,South Jordan,UT,84095,United States,(801) 758-0500,,,,,,
Fairfax,,13063 Lee Jackson Memorial Hwy.,,Fairfax,VA,22033,United States,(703) 961-8985,,,,,,
Clarendon,,3001 Washington Blvd.,,Arlington,VA,22201,United States,(202) 868-6767,,,,,,
Ballston,,4201 Wilson Blvd,,Arlington,VA,22203,United States,(571) 257-0050,,,,,,
Park City,,1678 West Redstone Center Drive,,Park City,UT,84098,United States,(435) 575-5575,,,,,,
Salt Lake City,,602 East 500 South,,Salt Lake City,UT,84102-3587,United States,(801) 255-9050,,,,,,
Lehi,,1536 E 3500 N,,Lehi,UT,84043,United States,(801) 653-9665,,,,,,
Provo - Orem,,1345 South State Street,,Orem,UT,84097,United States,(801) 896-9058,,,,,,
Kaysville,,349 North Flint Street,,Kaysville,UT,84037,United States,(385) 245-7528,,,,,,
Draper,,111 East 13800 South,,Draper,UT,84020,United States,(385) 275-6698,,,,,,
Cottonwood Heights,,6953 S. 1300 E.,,Cottonwood Heights,UT,84121,United States,(801) 463-6748,,,,,,
West Lake Hills,,"3300 Bee Cave Rd., Suite 200",,Austin,TX,78746,United States,(512) 807-0441,,,,,,
Tech Ridge,,12314 N. IH 35  Suite 105,,Austin,TX,78753,United States,512-983-2876,,,,,,
Bountiful,,85 West 500 South,,Bountiful,UT,84010,United States,(801) 784-6477,,,,,,
Vintage Park,,"15556 Cutten Road, Suite 100",,Houston,TX,77070,United States,(281) 656-6645,,,,,,
Waco,,"1428 Wooded Acres Dr., Suite 116",,Waco,TX,76710,United States,(254) 265-7222,,,,,,
Triangle,,"4601 N. Lamar Blvd., #508",,Austin,TX,78751,United States,(512) 807-0446,,,,,,
Tyler,,419 WSW Loop 323,,Tyler,TX,75701,United States,(903) 705-6580,,,,,,
The Woodlands,,4747 Research Forest Dr. Suite 445,,The Woodlands,TX,77381,United States,(832) 916-2115,,,,,,
West University,,2511 Bissonnet Street,,Houston,TX,77005,United States,(832) 510-2866,,,,,,
Webster,,136 W. Bay Area Blvd.,,Webster,TX,77598,United States,(832) 598-7199,,,,,,
Town and Country,,"700 Town and Country Blvd., Suite 2430",,Houston,TX,77024,United States,(281) 769-1064,,,,,,
SW Fort Worth,,"5701 Bryant Irvin Road, Suite 106",,Fort Worth,TX,76132,United States,(817) 770-0181,,,,,,
Sunset Valley,,5601 Brodie Lane Suite 1200B,,Austin,TX,78745,United States,(512) 807-0404,,,,,,
Sugar Land,,"15890 Southwest Freeway, Suite 300",,Sugar Land,TX,77478,United States,(281) 325-0018,,,,,,
Spring,,"6600 Spring Stuebner Road, Suite B9",,Houston,TX,77389,United States,(281) 907-9701,,,,,,
Austin,,1100 S Lamar Blvd.,,Austin,TX,78704,United States,(512) 807-0400,,,,,,
Stone Ridge,,20811 US HWY 281,,San Antonio,TX,78258,United States,(210) 899-0098,,,,,,
Southlake,,"621 East Southlake Blvd., Suite 100",,Southlake,TX,76092,United States,(817) 796-9660,,,,,,
Sonterra Village,,"427 N. Loop 1604 W., Suite 106",,San Antonio,TX,78232,United States,(210) 802-4348,,,,,,
Round Rock University,,"311 University Blvd,. Suite 100",,Round Rock,TX,78665,United States,(512) 954-9333,,,,,,
San Marcos,,"243 Wonder World Drive, Suite 108",,San Marcos,TX,78666,United States,(512) 357-3057,,,,,,
Preston Frankford,,"18101 Preston Road, Unit 105",,Dallas,TX,75252,United States,(972) 244-4111,,,,,,
South Austin,,"9500 South IH 35, Ste. L800",,Austin,TX,78748,United States,(512) 969-6626,,,,,,
Rockwall,,1063-103 East Interstate 30,,Rockwall,TX,,United States,(469) 651-1410,,,,,,
Sawyer Heights,,"2313 Edwards St., Suite 135",,Houston,TX,77007,United States,(832) 916-2138,,,,,,
Preston Hollow,,"7949 Walnut Hill Ln., Suite B20",,Dallas,TX,75225,United States,(469) 729-5866,,,,,,
Round Rock,,"661 Louis Henna Blvd, Suite 450",,Round Rock,TX,78664,United States,(512) 969-6625,,,,,,
Pearland,,"9517 W Broadway, Suite 115",,Pearland,TX,77584,United States,(281) 377-1723,,,,,,
Pflugerville,,4810 Gattis School Road,,Hutto,TX,78634,United States,(512) 298-3350,,,,,,
Plano,,2208 Dallas Parkway,,Plano,TX,75093,United States,972-521-3500,,,,,,
Odessa,,6147 E. Hwy. 191,,Odessa,TX,79762,United States,432-362-9055,,,,,,
North Plano,,"8245 Preston Rd., Suite 200",,Plano,TX,75024,United States,(469) 708-2090,,,,,,
New Braunfels,,1691 W State Highway 46,,New Braunfels,TX,78132,United States,(830) 312-4660,,,,,,
Murphy,,"601 E FM 544, Suite 300",,Murphy,TX,75094,United States,(972) 355-0809,,,,,,
Lakeway,,"1516 620 South, Suite 100",,Lakeway,TX,78734,United States,(512) 430-1323,,,,,,
Mueller,,1911 Aldrich St. Suite 175,,Austin,TX,78723,United States,(512) 807-0401,,,,,,
McKinney,,15910 Eldorado Parkway,,Frisco,TX,75033,United States,(469) 634-2100,,,,,,
Midland,,"4410 N. Midkiff Rd., Suite B1",,Midland,TX,79705,United States,(432) 695-9898,,,,,,
Laredo,,"3502 E Del Mar Blvd., Suite 6",,Laredo,TX,78045,United States,(956) 231-0232,,,,,,
Leander,,3421 N. Lakeline Blvd.,,Leander,TX,78641,United States,(512) 807-0443,,,,,,
McAllen,,5800 North 10th Street Suite 110,,McAllen,TX,78504,United States,(956) 331-2181,,,,,,
Lubbock,,"5214 98th Street, Suite 300",,Lubbock,TX,79424,United States,(806) 749-1200,,,,,,
Mesquite,,"1765 North Town East Blvd., Suite #141",,Mesquite,TX,75150,United States,Call or text  (972) 698-0525,,,,,,
Kingwood,,"4525 Kingwood Drive, Suite 100",,Kingwood,TX,77345,United States,(281) 516-5787,,,,,,
Lakeline,,"13000 N FM 620 RD SB., Suite 105",,Austin,TX,78750,United States,(512) 807-0442,,,,,,
Keller,,"101 Town Center Ln, Suite A108",,Keller,TX,76248,United States,(817) 502-2525,,,,,,
Cinco Ranch,,23144 Cinco Ranch Blvd.,,Katy,TX,77494,United States,(281) 727-0098,,,,,,
Georgetown,,1500 Rivery Blvd. Suite 340,,Georgetown,TX,78628,United States,(512) 630-0252,,,,,,
Huebner,,12055 Vance Jackson Rd.,,San Antonio,TX,78230,United States,(210) 899-0044,,,,,,
Alliance,,9500 Feather Grass Lane,,Fort Worth,TX,76177,United States,(817) 741-8101,,,,,,
Houston - Tanglewood,,6415 A San Felipe Rd.,,Houston,TX,77057,United States,(713) 952-9917,,,,,,
Four Points,,"7301 N FM 620, Suite 175",,Austin,TX,78726,United States,(512) 368-9343,,,,,,
Domain,,"3100 Esperanza Crossing, Suite 118",,Austin,TX,78758,United States,(512) 807-0444,,,,,,
Frisco,,"4350 W. Main St., Suite 100",,Frisco,TX,75034,United States,(972) 521-3600,,,,,,
Coppell,,"240 N. Denton Tap Rd., Suite 440",,Coppell,TX,75019,United States,(214) 300-9983,,,,,,
Cypress Towne Lake,,"9925 Barker Cypress Rd., Suite 143",,Cypress,TX,77433,United States,(281) 661-1006,,,,,,
Fort Worth - Montgomery Plaza,,"2600 West 7th Street, Suite 131",,Fort Worth,TX,76107,United States,(817) 888-8842,,,,,,
Cibolo,,513 Cibolo Valley Dr.,,Cibolo,TX,78108,United States,(210) 501-0299,,,,,,
Bandera,,11600 Bandera Road,,San Antonio,TX,78250,United States,(210) 899-0099,,,,,,
Colleyville,,"4709 Colleyville Blvd., Suite 500",,Colleyville,TX,76034,United States,(817) 840-3400,,,,,,
Cedar Park,,5001 183A Toll Road Suite L100,,Cedar Park,TX,78613,United States,(512) 807-0402,,,,,,
Castle Hills,,"6201 N. Josey Ln,  #200",,Lewisville,TX,75056,United States,(972) 521-8404,,,,,,
Arbor Town Square,,"10721 Research Blvd., Suite A-100",,Austin,TX,78759,United States,(512) 900-3223,,,,,,
Avery Ranch,,"14900 Avery Ranch Blvd., Suite A-100",,Austin,TX,78717,United States,(512) 669-5272,,,,,,
Arlington Highlands,,"4000 Five Points Blvd., #155",,Arlington,TX,76018,United States,(817) 419-2505,,,,,,
West Nashville,,"6720 Charlotte Pike, Suite 102",,Nashville,TN,37209,United States,615-933-0084,,,,,,
Alamo Ranch,,"5619 NW Loop 1604, Suite 122",,San Antonio,TX,78253,United States,(210) 899-0100,,,,,,
Addison,,"5290 Belt Line Road, Suite 156",,Dallas,TX,75254,United States,(214) 758-0338,,,,,,
Allen,,"945 W. Stacy Rd., Suite 100",,Allen,TX,75013,United States,(972) 521-3700,,,,,,
Northshore,,300 Cherokee Boulevard,,Chattanooga,TN,37403,United States,(423) 438-1588,,,,,,
Hendersonville,,"281 Indian lake Blvd., Suite 200",,Hendersonville,TN,37075,United States,(615) 815-5970,,,,,,
Germantown,,"9067 Poplar Ave., Suite 105",,Germantown,TN,38138,United States,(901) 907-0298,,,,,,
Nashville - Midtown,,111 17th Avenue South,,Nashville,TN,37203,United States,(615) 988-9288,,,,,,
Mt. Juliet,,11199 Lebanon Rd.,,Mt. Juliet,TN,37122,United States,(615) 981-3800,,,,,,
East Memphis,,"4615 Poplar Avenue, Suite 12",,Memphis,TN,38117,United States,(901) 421-5785,,,,,,
Lakeland,,"2961 Canada Road, Suite 111-112",,Lakeland,TN,38002,United States,(901) 302-6132,,,,,,
Green Hills,,2104 Crestmoor Rd,,Green Hills,TN,37215,United States,(615) 800-6118,,,,,,
Franklin,,"3301 Aspen Grove Drive, Suite 107",,Franklin,TN,37067,United States,(615) 504-1110,,,,,,
Farragut,,"11674 Parkside Drive, Suite 674",,Knoxville,TN,37934,United States,(865) 223-6699,,,,,,
Chattanooga,,7407 Igou Gap Road,,Chattanooga,TN,37421,United States,(423) 681-2593,,,,,,
Brentwood,,690 Old Hickory Blvd. Suite 102,,Brentwood,TN,37209,United States,(615) 373-0333,,,,,,
Summerville,,1101 N. Main Street,,Summerville,SC,29483,United States,(843) 970-2144,,,,,,
Bearden,,122 N. Forest Park Blvd.,,Knoxville,TN,37919,United States,(865) 224-6480,,,,,,
Greenville Woodruff Road,,1143 Woodruff Rd.,,Greenville,SC,29607,United States,(864) 697-2660,,,,,,
Lexington,,5230 Sunset Blvd. Suite D,,Lexington,SC,29072,United States,803-220-0080,,,,,,
NE Columbia,,"10296 Two Notch Rd., Suite 2",,Columbia,SC,29229,United States,(803) 486-2206,,,,,,
Rock Hill,,"2674 Celanese Rd., Suite 107",,Rock Hill,SC,29732,United States,(803) 667-3388,,,,,,
Mt. Pleasant,,695 Johnnie Dodds Boulevard,,Mt. Pleasant,SC,29464,United States,(843) 523-9938,,,,,,
Greenville,,823 S. Church St.,,Greenville,SC,29601,United States,(864) 729-4505,,,,,,
Fort Mill,,1329 Broadcloth St. Suite 105,,Fort Mill,SC,29715,United States,(704) 251-7944,,,,,,
Cranston,,4 Chapel View Boulevard,,Cranston,RI,02920,United States,(401) 830-2812,,,,,,
Columbia - Forest Acres,,4708 Forest Drive,,Columbia,SC,29206,United States,(803) 630-5200,,,,,,
Charleston,,975 Savannah Hwy.,,Charleston,SC,29407,United States,(843) 277-9036,,,,,,
Willow Grove,,164 Park Avenue,,Willow Grove,PA,19090,United States,(215) 866-8666,,,,,,
Robinson,,630 Chauvet Dr.,,Pittsburgh,PA,15275,United States,(412) 206-5680,,,,,,
West Chester,,672 Downingtown Pike,,West Chester,PA,19380,United States,(484) 886-4500,,,,,,
Northern Liberties,,1050 N. Hancock Street Suite #58,,Philadelphia,PA,19123,United States,267-331-4445,,,,,,
Wexford,,12003 Perry Highway,,Wexford,PA,15090,United States,(724) 400- 6773,,,,,,
Harrisburg,,600 High Pointe Blvd. Suite A7,,Harrisburg,PA,17111,United States,717-288-1320,,,,,,
Paoli,,82 East Lancaster Ave.,,Paoli,PA,19301,United States,(484) 674-6400,,,,,,
Newtown,,2140 South Eagle Road,,Newtown,PA,18940,United States,(215) 957-1700,,,,,,
Langhorne,,144 N Flowers Mill Rd.,,Langhorne,PA,19047,United States,(215) 839-1111,,,,,,
Gwynedd,,"1210 Bethlehem Pike, #A5",,North Wales,PA,19454,United States,215-643-2033,,,,,,
East End Pittsburgh,,5841 Penn Ave.,,Pittsburgh,PA,15206,United States,(412) 362-3616,,,,,,
Exton,,294 Main St.,,Exton,PA,19341,United States,(610) 298-5400,,,,,,
Devon,,821 W. Lancaster Ave,,Wayne,PA,19087,United States,(610) 572-4789,,,,,,
Doylestown,,1661 Easton Road,,Doylestown,PA,18976,United States,(215) 792-7952,,,,,,
Center City,,1625 Chestnut Street,,Philadelphia,PA,19103,United States,(215) 543-3833,,,,,,
West Linn,,19151 Williamette Drive,,West Linn,OR,97068,United States,(503) 607-8488,,,,,,
Blue Bell,,1510 DeKalb Pike,,Blue Bell,PA,19422,United States,(610) 272-1300,,,,,,
Tualatin,,19221 SW Martinazzi Ave.,,Tualatin,OR,97062,United States,503-487-0002,,,,,,
Audubon,,613 South Trooper Rd.,,Audubon,PA,19403,United States,(484) 235-0596,,,,,,
Wilsonville,,"29756 SW Town Center Loop West, Suite 7L",,Wilsonville,OR,97070,United States,(503) 374-1920,,,,,,
Oregon City,,395 Beavercreek Rd.,,Oregon City,OR,97045,United States,(503) 468-7243,,,,,,
Tigard,,12268 SW Scholls Ferry Road,,Tigard,OR,97223,United States,(503) 782-4888,,,,,,
South Waterfront,,841 SW Gaines Street,,Portland,OR,97239,United States,(503) 308-6782,,,,,,
Bend,,320 SW Powerhouse Dr. #170,,Bend,OR,97702,United States,(541) 904-5123,,,,,,
Salem,,4405 Commercial Street SE Suite V,,Salem,OR,97302,United States,(971) 599-7005,,,,,,
Portland - Lloyd District,,1107 NE 9th Avenue,,Portland,OR,97232,United States,(503) 946-9409,,,,,,
Corvallis,,"1838 NW 9th St., Suite 112",,Corvallis,OR,97330,United States,(541) 716-5006,,,,,,
Hillsboro,,965 NE Orenco Station Parkway,,Hillsboro,OR,97124,United States,(503) 828-3323,,,,,,
Perrysburg,,3190 Chappel Dr.,,Perrsyburg,OH,43551,United States,419-469-6911,,,,,,
Cedar Mill,,"11800 NW Cedar Falls Drive, Suite 108",,Portland,OR,97229,United States,(503) 427-1915,,,,,,
Beaverton,,3905 SW 117th Ave. Suite H,,Beaverton,OR,97005,United States,(503) 512-5800,,,,,,
Westerville,,823 Polaris Pkwy,,Westerville,OH,43082,United States,(614) 300-2925,,,,,,
Westlake,,30676 Detroit Rd.,,Westlake,OH,44145,United States,(440) 772-1100,,,,,,
West Chester - Cincinnati,,7641 Voice of America Centre Drive,,West Chester Township,OH,45069,United States,(513) 718-2535,,,,,,
Strongsville,,18105 Southpark Center,,Strongsville,OH,44136,United States,(440) 249-0070,,,,,,
Solon,,6025 Kruse Drive,,Solon,OH,44139,United States,(440) 399-2999,,,,,,
Rocky River,,19800 Center Ridge Rd,,Rocky River,OH,44116,United States,(216) 370-3277,,,,,,
Ottawa Hills,,"3504 Secor Rd., Suite 310",,Toledo,OH,43606,United States,(419) 586-1054,,,,,,
Kenwood,,8154 Montgomery Road,,Cincinnati,OH,45236,United States,(513) 318-9342,,,,,,
New Albany,,7340 Fodor Rd.,,New Albany,OH,43054,United States,(614) 918-7038,,,,,,
Mentor,,"7519 Mentor Avenue, Suite #A14",,Mentor,OH,44060,United States,(440) 290-5859,,,,,,
Downtown Cleveland,,740 Prospect Avenue East,,Cleveland,OH,44115,United States,216-370-3277,,,,,,
Grove City,,2718 London Groveport Rd.,,Grove City,OH,43123,United States,(614) 852-4700,,,,,,
Mason,,8267 Arbor Square Drive,,Mason,OH,45040,United States,(513) 445-5844,,,,,,
Hilliard,,3959 Britton Parkway,,Hilliard,OH,43026,United States,(614) 721-7444,,,,,,
Dublin Avery Square,,6505 Perimeter Drive,,Dublin,OH,43016,United States,(614) 852-4222,,,,,,
Grandview,,1009 W 5th Avenue,,Columbus,OH,43212,United States,(614) 305-7555,,,,,,
Canton,,4342 Belden Village St NW,,Canton,OH,44718-2514,United States,(330) 423-1733,,,,,,
Cincinnati - Oakley,,3202 Vandercar Dr.,,Cincinnati,OH,45209,United States,(513) 808-4882,,,,,,
Brecksville,,8259 Chippewa Road,,Brecksville,OH,44141,United States,(440) 550-4614,,,,,,
Midtown Tulsa,,1551 E. 15th St. Suite 103,,Tulsa,OK,74120,United States,(918) 900-2727,,,,,,
Dublin,,7581 Sawmill Road,,Dublin,OH,43016,United States,(614) 356-9999,,,,,,
Blacklick,,6819 E. Broad Street,,Columbus,OH,43213,United States,(614) 427-0121,,,,,,
Akron,,"34 North Hawkins Avenue, Suite 305",,Akron,OH,44313,United States,(330) 864-5555,,,,,,
Bexley,,2224 E. Main Street,,Bexley,OH,43209,United States,(614) 360-1212,,,,,,
Northwest Oklahoma City,,12220 N. MacArthur Blvd. Suite E,,Oklahoma City,OK,73162,United States,(405) 878-8060,,,,,,
Moore,,"825 SW 19th St., Suite 6",,Moore,OK,73160,United States,(405) 703-5259,,,,,,
Edmond,,"3325 S Boulevard St., Suite 141",,Edmond,OK,73013,United States,(405) 445-0809,,,,,,
Fargo,,4501 15th Ave.,,Fargo,ND,58103,United States,(701) 369-2200,,,,,,
Wake Forest,,"12646 Capital Blvd., Suite 152",,Wake Forest,NC,27587,United States,919-761-7778,,,,,,
Wilmington,,6800 Parker Farm Drive,,Wilmington,NC,28405,United States,(910) 660-0933,,,,,,
West Cary,,1204 Parkside Main Street,,Cary,NC,27519,United States,(919) 234-7454,,,,,,
North Raleigh,,"6625 Falls of Neuse Road, Suite 107",,Raleigh,NC,27615,United States,(919) 263-5668,,,,,,
Lake Norman - Mooresville,,631 Brawley School Rd.,,Mooresville,NC,28117,United States,(704) 626-7515,,,,,,
Morrisville,,1112 Market Center Drive,,Morrisville,NC,27560,United States,(919) 883-9469,,,,,,
Jamestown,,"5710 West Gate City Blvd., Suite T Next to Harris Teeter in the Adams Farm Shopping Center",,Greensboro,NC,27407,United States,(336) 663-1056,,,,,,
Lake Norman - Cornelius,,20619 Torrence Chapel Rd.,,Cornelius,NC,28031,United States,(704) 964-2557,,,,,,
Holly Springs,,141 Grand Hill Place,,Holly Springs,NC,27540,United States,(919) 267-1683,,,,,,
Greensboro,,"1410 Westover Terrace, Suite 100 B",,Greensboro,NC,27408,United States,(336) 346-2977,,,,,,
Charlotte - Quail Corners,,8402 Park Road,,Charlotte,NC,28210,United States,(704) 247-6137,,,,,,
Charlotte - University,,3016-B Prosperity Church Road,,Charlotte,NC,28269,United States,(704) 705-2377,,,,,,
Brier Creek,,4233 Corners Pkwy. Suite 270,,Raleigh,NC,27617,United States,(919) 867-4471,,,,,,
Charlotte - The Arboretum,,"8038 Providence Road, Suite 100",,Charlotte,NC,28277,United States,(704) 612-2102,,,,,,
Charlotte - South End,,2317 South Blvd.,,Charlotte,NC,28203,United States,(704) 626-7322,,,,,,
Chapel Hill,,104 Meadowmont Village Circle,,Chapel Hill,NC,27517,United States,(919) 883-9424,,,,,,
White Plains,,245 Mamaroneck Ave.,,White Plains,NY,10605,United States,(914) 729-0996,,,,,,
Ballantyne,,"14825 Ballantyne Village Way, Suite A180",,Charlotte,NC,28277,United States,(704) 412-4369,,,,,,
Southtowns,,3701 McKinley Parkway,,Hamburg,NY,14219,United States,716-338-4630,,,,,,
Asheville,,"1816 Hendersonville Rd., Ste 60",,Asheville,NC,28803,United States,(828) 610-5500,,,,,,
Syracuse,,3150 Erie Boulevard East,,Syracuse,NY,13214,United States,(315) 965-3555,,,,,,
Staten Island - Woodrow,,1275 Woodrow Rd.,,Staten Island,NY,10309,United States,(347) 577-9877,,,,,,
Syosset,,103 Jackson Avenue,,Syosset,NY,11791,United States,(516) 299-8309,,,,,,
Victor,,400 Commerce Dr. Suite 900,,Victor,NY,14564,United States,(585) 207-0202,,,,,,
Stony Brook,,2306 Nesconset Highway,,Stony Brook,NY,11790,United States,(631) 246-1040,,,,,,
Sayville,,5640 Sunrise Highway,,Sayville,NY,11782,United States,(631) 865-1515,,,,,,
Rockville Centre,,313 Merrick Road,,Rockville Centre,NY,11570,United States,(516) 586-6555,,,,,,
Staten Island - Richmond,,2409 Richmond Avenue,,Staten Island,NY,10314,United States,(347) 442-7020,,,,,,
Port Washington,,1013 Port Washington Blvd.,,Port Washington,NY,11050,United States,(516) 302-4044,,,,,,
Poughkeepsie,,1895 South Road,,Poughkeepsie,NY,12601,United States,(845) 372-5656,,,,,,
Pittsford,,3340 Monroe Avenue,,Rochester,NY,14618,United States,(585) 445-7173,,,,,,
Manhattan - East 39th St.,,605 Third Avenue,,New York,NY,10158,United States,(646) 838-1020,,,,,,
Niskayuna,,3333 Consaul Road,,Schenectady,NY,12304,United States,(518) 930-0283,,,,,,
Merrick,,1976 Merrick Rd,,Merrick,NY,11566,United States,(516) 299-9901,,,,,,
New City,,195 South Main Street,,New City,NY,10956,United States,(845) 213-2121,,,,,,
Nanuet,,27 Rockland Plaza,,Nanuet,NY,10954,United States,(845) 367-7721,,,,,,
Mount Kisco,,222 E Main Street,,Mt. Kisco,NY,10549,United States,(914) 227-2757,,,,,,
Massapequa Park,,4914 Merrick Road,,Massapequa Park,NY,11762,United States,(516) 590-7676,,,,,,
Manhattan - Midtown West,,321 West 37th Street,,New York,NY,10018,United States,(646) 829-9330,,,,,,
Melville,,500 Walt Whitman Rd.,,Melville,NY,11747,United States,(631) 683-8311,,,,,,
Manhattan - Astor Place,,51 Astor Place,,New York,NY,10003,United States,(646) 357-3057,,,,,,
Manhattan – Chelsea,,124 West 23rd St.,,New York,NY,10011,United States,(646) 588-0133,,,,,,
East Meadow,,2314A Hempstead Tpke.,,East Meadow,NY,11554,United States,(516) 301-5909,,,,,,
Clifton Park,,"54 Crossing Blvd., Suite V",,Clifton Park,NY,12065,United States,(518) 644-4757,,,,,,
East Northport,,4000 Jerico Turnpike,,East Northport,NY,11731,United States,(631) 499-4500,,,,,,
Carle Place,,211 Glen Cove Road,,Carle Place,NY,11514,United States,(516) 268-6272,,,,,,
Brooklyn - Williamsburg,,157 Kent Avenue,,Brooklyn,NY,11249,United States,(917) 201-7014,,,,,,
Santa Fe - South Capitol,,516 W. Cordova St.,,Santa Fe,NM,87505,United States,(505) 395-7100,,,,,,
Brooklyn Heights,,"186 Montague Street, 2nd Floor",,Brooklyn,NY,11201,United States,(917) 201-7013,,,,,,
Brooklyn - Park Slope,,248 Flatbush Avenue,,Brooklyn,NY,11217,United States,(718) 475-9452,,,,,,
Bethpage,,4041 Hempstead Turnpike,,Bethpage,NY,11714,United States,(516) 597-4740,,,,,,
Amherst – The Boulevard,,1551 Niagara Falls Blvd,,Buffalo,NY,14228,United States,(716) 970-4441,,,,,,
Far Northeast Heights,,8850 Holly Avenue NE,,Albuquerque,NM,87122,United States,(505) 633-8048,,,,,,
Amherst - Transit Road,,8242 Transit Rd.,,Buffalo,NY,14221,United States,(716) 200-1350,,,,,,
Albany,,1704 Western Avenue,,Albany,NY,12203,United States,(518) 992-4910,,,,,,
Albuquerque Westside,,6361 Riverside Plaza Lane NW,,Albuquerque,NM,87120,United States,(505) 633-8009,,,,,,
Voorhees,,148 Route 73 Suite 4,,Voorhees Township,NJ,08043,United States,(856) 504-8286,,,,,,
West Windsor,,"352 Princeton Hightstown Rd., Suite 7",,West Windsor Township,NJ,08550,United States,(609) 799-4561,,,,,,
Totowa,,650 Union Blvd.,,Totowa,NJ,07512,United States,(973) 500-6600,,,,,,
Princeton,,640 Nassau Park Blvd,,Princeton,NJ,08540,United States,(609) 474-0090,,,,,,
Hackensack,,450 Hackensack Ave.,,Hackensack,NJ,07601,United States,(201) 450-9663,,,,,,
New Providence,,"1260 Springfield Avenue, #11A",,New Providence,NJ,07974,United States,(908) 458-9353,,,,,,
North Brunswick,,764 Shoppes Blvd.,,North Brunswick Township,NJ,08902,United States,(732) 979-2447,,,,,,
Moorestown,,400 West Route 38 Unit #1400,,Moorestown,NJ,08057,United States,(856) 581-4801,,,,,,
Middletown,,846 Route 35S,,Middletown,NJ,07748,United States,(908) 738-1200,,,,,,
Marlboro,,104 US Highway 9,,Englishtown,NJ,07726-8231,United States,(732) 475-0333,,,,,,
Denville,,3130 Rt. 10 West,,Denville,NJ,07834,United States,(973) 282-8555,,,,,,
Flemington,,"Plaza One, 1 Highway 12",,Flemington,NJ,08822,United States,(908) 366-7600,,,,,,
,,929 Haddonfield Rd. Suite A,,Cherry Hill,NJ,08002,United States,(856) 282-1122,,,,,,
Garwood,,502 North Avenue,,Garwood,NJ,07027,United States,(908) 737-1390,,,,,,
Closter,,111 Vervalen St.,,Closter,NJ,07624,United States,(201) 279-0877,,,,,,
South Nashua,,"104 Spit Brook Road, Suite C",,Nashua,NH,03062,United States,(603) 413-8757,,,,,,
Salem,,"236 North Broadway, Unit A",,Salem,NH,03079,United States,(603) 898-3300,,,,,,
Bedminster,,434 US HWY 202/206 N.,,Bedminster,NJ,07921,United States,(908) 698-4600,,,,,,
Brick,,744 Route 70W,,Brick Township,NJ,08723,United States,(732) 640-5480,,,,,,
Spring Valley,,"5990 S Rainbow Blvd, Suite 200",,Las Vegas,NV,89118,United States,(702) 868-8300,,,,,,
Reno - Northwest,,1575 Robb Drive  Suite 1,,Reno,NV,89523,United States,(775) 800-5515,,,,,,
Nashua,,345 Amherst Street,,Nashua,NH,03063,United States,(603) 882-6800,,,,,,
Reno Southeast,,"8056 South Virginia Street, Suite 1",,Reno,NV,89511,United States,(775) 800-2308,,,,,,
Las Vegas - Henderson,,"10271 S. Eastern Ave., Ste 103",,Henderson,NV,89052,United States,(702) 834-8300,,,,,,
Green Valley North,,"691 Marks Street, Suite-D",,Henderson,NV,89014,United States,(702) 850-2511,,,,,,
Las Vegas - Summerlin,,"9326 W. Sahara Ave., Suite 4",,Las Vegas,NV,89117,United States,Call or text (702) 910-4445,,,,,,
Grand Canyon,,4245 S Grand Canyon Dr. Suite #109,,Las Vegas,NV,89147,United States,(702) 420-2142,,,,,,
Edgewater,,725 River Road,,Edgewater,NJ,07020,United States,(201) 212-6388,,,,,,
Portsmouth,,2454 Lafayette Road,,Portsmouth,NH,03801,United States,(603) 686-8287,,,,,,
Midtown Omaha,,159 North 78th Street,,Omaha,NE,68114,United States,402-281-2555,,,,,,
West Omaha,,"16909 Burke Street, Suite 122",,Omaha,NE,68118,United States,(402) 281-0950,,,,,,
Northwest Omaha,,"14450 Eagle Run Drive, Suite 110",,Omaha,NE,68116,United States,(402) 704-7003,,,,,,
Billings,,824 Shiloh Crossing Blvd. Suite 3,,Billings,MT,9102,United States,406-656-1144,,,,,,
Missoula,,3624 Brooks Street Space 1014,,Missoula,MT,59801,United States,406-551-4344,,,,,,
St. Charles,,"1650 Beale Street, Suite 170",,St. Charles,MO,63303,United States,(314) 250-1037,,,,,,
Central West End,,4653 Lindell Blvd.,,St. Louis,MO,63108,United States,(314) 590-3702,,,,,,
Springfield East,,2862 S. Glenstone Ave.,,Springfield,MO,65804,United States,(417) 633-7133,,,,,,
Lake St. Louis,,6307 Ronald Reagan Drive,,Lake St. Louis,MO,63367,United States,(636) 614-4040,,,,,,
Rock Hill,,9434 Manchester Rd,,Rock Hill,MO,63119,United States,(314) 736-1170,,,,,,
Ellisville,,15949 Manchester Rd.,,Ellisville,MO,63011,United States,(314) 300-6996,,,,,,
Concord,,12434 Tesson Ferry Road,,St. Louis,MO,63128,United States,(314) 649-5050,,,,,,
Brookside,,6236 Main Street,,Kansas City,MO,64113,United States,(816) 656-8390,,,,,,
Olive Branch,,5155 Goodman Rd.,,Olive Branch,MS,38654,United States,(662) 932-0100,,,,,,
Chesterfield,,1674 Clarkson Road,,Chesterfield,MO,63017,United States,(314) 384-9025,,,,,,
Woodbury,,"530 Woodbury Drive, Suite 300",,Woodbury,MN,55125,United States,(612) 326-1234,,,,,,
Oxford,,"1801 Jackson Ave West, Suite D115",,Oxford,MS,38655,United States,(662) 380-5149,,,,,,
Madison,,"111 Colony Crossing, Suite #460",,Madison,MS,39110,United States,(601) 707-9202,,,,,,
Plymouth Pointe,,"2700 Annapolis Circle, Suite A",,Plymouth,MN,55441,United States,(763) 300-3447,,,,,,
Minneapolis - Uptown,,2640 Hennepin Ave.,,Minneapolis,MN,55408,United States,(612) 926-8626,,,,,,
St. Cloud,,"110 2nd St., Suite 117",,Waite Park,MN,56387,United States,(320) 270-7000,,,,,,
Maplewood,,3095 White Bear Ave N.,,Maplewood,MN,55109,United States,(651) 998-2219,,,,,,
Maple Grove,,8121 Wedgewood Lane North,,Maple Grove,MN,55369,United States,(763) 657-1313,,,,,,
Edina,,3523 W 70th St.,,Edina,MN,55435,United States,(612) 930-4630,,,,,,
Eden Prairie,,8264 Commonwealth Dr.,,Eden Prairie,MN,55344,United States,(952) 232-1809,,,,,,
Eagan,,3325 Central Park Village Dr. Suite 120,,Eagan,MN,55121,United States,651-705-0300,,,,,,
Chanhassen,,"460 Lake Dr., #170",,Chanhassen,MN,55317,United States,(952) 777-4243,,,,,,
Apple Valley,,15624 Pilot Knob Road,,Apple Valley,MN,55124,United States,(952) 683-1440,,,,,,
Rochester Hills,,1470 North Rochester Road,,Rochester Hills,MI,48307,United States,(248) 237-6720,,,,,,
Shelby Township,,50560 Schoenherr Road,,Shelby Charter Township,MI,48315,United States,(586) 270-5117,,,,,,
Troy,,3624 Rochester Road,,Troy,MI,48083,United States,(248) 864-2190,,,,,,
Northville,,39725 Traditions Dr.,,Northville,MI,48168,United States,(248) 468-1604,,,,,,
Farmington Hills,,31229 14 Mile Road,,Farmington Hills,MI,48334,United States,(248) 579-4844,,,,,,
Grand Rapids,,3108 28th St SE,,Grand Rapids,MI,49512,United States,(616) 607-6000,,,,,,
Commerce Township,,39700 West 14 Mile Rd.,,Commerce Township,MI,48390,United States,(248) 716-3710,,,,,,
Birmingham,,633 South Adams Road,,Birmingham,MI,48009,United States,(248) 712-4548,,,,,,
Walpole,,985 Old Post Rd.,,Walpole,MA,02081,United States,(508) 505-4213,,,,,,
Canton,,41818 Ford Road,,Canton,MI,48187,United States,(734) 844-6100,,,,,,
Ann Arbor North,,2643 Plymouth Road,,Ann Arbor,MI,48105,United States,(734) 881-9669,,,,,,
Swampscott,,450 Paradise Road,,Swampscott,MA,01907,United States,xxx-xxx-xxxx,,,,,,
Westford,,160 Littleton Road,,Westford,MA,01886,United States,(978) 237-8936,,,,,,
Ann Arbor,,2246 S. Main Street,,Ann Arbor,MI,48103,United States,(734) 418-6260,,,,,,
Quincy,,21 Chestnut Street,,Quincy,MA,02169,United States,(617) 221-4045,,,,,,
Natick,,21 Main Street,,Natick,MA,01760,United States,(508) 455-5524,,,,,,
Kendall Square,,270 Third Street,,Cambridge,MA,02142,United States,(617) 714-5280,,,,,,
Marlborough,,40 Boston Post Road West,,Marlborough,MA,01752,United States,(508) 762-1808,,,,,,
Hingham,,"15 Shipyard Dr., Suite 1B",,Hingham,MA,2043,United States,(781) 328-1800,,,,,,
Burlington,,112 Mall Road,,Burlington,MA,01803,United States,(781) 552-3838,,,,,,
Andover,,554 Turnpike Street,,North Andover,MA,01845,United States,(978) 494-0906,,,,,,
Dedham,,610 Providence Highway,,Dedham,MA,02026,United States,(617) 307-7260,,,,,,
Danvers,,35 Independence Way,,Danvers,MA,01923,United States,(978) 381-4332,,,,,,
Concord,,"80 Beharrell Street, Suite C",,Concord,MA,01742,United States,(978) 776-6434,,,,,,
Boston - Back Bay,,10 Saint James Avenue,,Boston,MA,02116,United States,(617) 936-4890,,,,,,
Brighton - Boston,,375 Market Street,,Brighton,MA,02135,United States,(617) 208-8378,,,,,,
Attleboro,,"228 Washington St., Suite B290",,Attleboro,MA,02703,United States,(508) 916-6903,,,,,,
Assembly Row,,383 Revolution Drive Store #1135,,Somerville,MA,02145,United States,(617) 702-4426,,,,,,
Potomac,,"12435 Park Potomac Avenue, R-10",,Potomac,MD,20854,United States,(301) 265-5050,,,,,,
Olney,,18205 Hillcrest Ave.,,Olney,MD,20832,United States,(443) 221-6700,,,,,,
Hunt Valley,,"118 Shawan Rd., Suite BB",,Hunt Valley,MD,21030,United States,(410) 777-8836,,,,,,
Gaithersburg,,622 Center Point Way,,Gaithersburg,MD,20878,United States,(301) 250-1060,,,,,,
Baltimore - Harbor East,,1415 Aliceanna Street,,Baltimore,MD,21231,United States,(410) 675-1201,,,,,,
Mandeville,,3555 Highway 190 Suite 3550,,Mandeville,LA,70471,United States,(985) 302-0668,,,,,,
New Orleans - Uptown,,5300 Tchoupitoulas St.,,New Orleans,LA,70115,United States,(504) 308-1232,,,,,,
Baton Rouge – Long Farm,,"14650 Market Street, Suite 103",,Baton Rouge,LA,70817,United States,225-412-0455,,,,,,
Clarksburg,,"22750 Newcut Road, Suite 4",,Clarksburg,MD,20871,United States,(443) 927-9100,,,,,,
New Orleans - Mid City,,"4141 Bienville St., Suite 107",,New Orleans,LA,70119,United States,(504) 408-2602,,,,,,
Portland,,23 Marginal Way,,Portland,ME,04101,United States,(207) 536-5833,,,,,,
Shreveport,,1370 E 70th St. Suite 1000,,Shreveport,LA,71105,United States,(318) 716-7776,,,,,,
Lafayette,,109 Old Camp Road,,Lafayette,LA,70508,United States,(337) 735-1877,,,,,,
Baton Rouge,,"2373 Towne Center Blvd., Suite 710",,Baton Rouge,LA,70809,United States,(225) 424-5000,,,,,,
Newport,,185 Pavilion Parkway,,Newport,KY,41071,United States,(859) 838-4555,,,,,,
Middletown,,"13317 Shelbyville Road, Unit #103",,Louisville,KY,40223,United States,(502) 242-3385,,,,,,
Louisville - St. Matthews,,116 Sears Avenue,,Louisville,KY,40207,United States,(502) 259-9199,,,,,,
Louisville - Highlands,,918 Baxter Ave.,,Louisville,KY,40204,United States,(502) 968-1400,,,,,,
Wichita West,,"2835 N Maize Rd., Suite 161",,Wichita,KS,67205,United States,(316) 239-6348,,,,,,
Lexington,,"2369 Richmond Road, Suite 120",,Lexington,KY,40502,United States,(859) 898-1077,,,,,,
Wichita East,,"1423 N Webb Road, Suite 159",,Wichita,KS,67206,United States,(316) 440-4640,,,,,,
Overland Park,,13621 Metcalf Ave.,,Overland Park,KS,66223,United States,(913) 213-1012,,,,,,
Olathe – South,,20144 W 153rd Street,,Olathe,KS,66062,United States,(913) 274-1401,,,,,,
Nall Hills,,9538 Nall Avenue,,Overland Park,KS,66207,United States,(913) 440-0010,,,,,,
Olathe,,14995 W 119th St,,Olathe,KS,66062,United States,(913) 397-7500,,,,,,
Leawood,,11614 Ash St.,,Leawood,KS,66211,United States,(913) 469-5200,,,,,,
Davenport,,4520 E. 53 St.,,Davenport,IA,52807,United States,(563) 594-6683,,,,,,
Coralville,,1303 5th St.,,Coralville,IA,52241,United States,(319) 800-6282,,,,,,
Clive,,2171 NW 111th Street,,Clive,IA,50325,United States,(515) 207-3430,,,,,,
Ames,,725 24th Street Suite 103-104,,Ames,IA,50010,United States,(515) 212-4947,,,,,,
Ankeny,,833 East 1st Street,,Ankeny,IA,50021,United States,(515) 218-9778,,,,,,
Cedar Rapids,,4824 1st Ave NE,,Cedar Rapids,IA,52403,United States,(319) 450-0665,,,,,,
West Carmel - Zionsville,,4000 West 106th St. Suite 145,,Carmel,IN,46032,United States,(317) 449-2100,,,,,,
Bloomington,,"2894 E. 3rd Street, Suite 113",,Bloomington,IN,47401,United States,812-727-4002,,,,,,
Greenwood,,1675 W. Smith Valley Road Suite D5,,Greenwood,IN,46142,United States,(317) 247-0000,,,,,,
Crown Point,,852 N Superior Dr.,,Crown Point,IN,46307,United States,219-306-8448,,,,,,
Indianapolis – Ironworks at Keystone,,"2727 E. 86th Street, Suite 115",,Indianapolis,IN,46240,United States,(317) 542-3102,,,,,,
Granger,,7135 Heritage Square Drive,,Granger,IN,46530,United States,(574) 314-6300,,,,,,
Evansville,,3431 N. Green River Road,,Evansville,IN,47711,United States,(812) 645-9712,,,,,,
Dyer,,835 Joliet Street,,Dyer,IN,46311,United States,(219) 224-2660,,,,,,
Carmel,,2438 E. 146th St,,Carmel,IN,46033,United States,(317) 688-1348,,,,,,
Fishers - Geist,,11695 Olio Road,,Fishers,IN,46037,United States,(317) 960-4100,,,,,,
Springfield,,2450 W. Wabash Ave.,,Springfield,IL,62704,United States,(217) 953-0054,,,,,,
Wheaton,,223 Rice Lake Square,,Wheaton,IL,60189,United States,(630) 914-6767,,,,,,
Willowbrook - Hinsdale,,894 75th Street,,Willowbrook,IL,60527,United States,(630) 352-3330,,,,,,
St. Charles,,124 Kirk Road,,St. Charles,IL,60174,United States,(331) 248-6050,,,,,,
South Naperville,,2936 Showplace Drive,,Naperville,IL,60564,United States,(630) 857-9238,,,,,,
Roselle - Bloomingdale,,39 East Main Street,,Roselle,IL,60172,United States,(630) 283-8888,,,,,,
Schaumburg,,16 E Golf Road,,Schaumburg,IL,60173,United States,(224) 532-2442,,,,,,
Lakeview,,3010 N. Ashland Ave.,,Chicago,IL,60657,United States,(312) 778-8830,,,,,,
Riverwoods - Buffalo Grove,,2037 Milwaukee Ave.,,Riverwoods,IL,60015,United States,(224) 521-0006,,,,,,
Park Ridge,,10 N. Northwest Hwy.,,Park Ridge,IL,60068,United States,(847) 318-3804,,,,,,
Northbrook,,3101 Dundee Road Suite A,,Northbrook,IL,60062,United States,(224) 541-6300,,,,,,
Oak Park,,7121 W. North Avenue,,Oak Park,IL,60302,United States,(708) 793-9219,,,,,,
Orland Park,,15200 S. LaGrange Road,,Orland Park,IL,60462,United States,(708) 860-8292,,,,,,
Naperville,,"8 West Gartner Road, Suite 120",,Naperville,IL,60540,United States,(331) 444-3232,,,,,,
Mount Prospect - Randhurst,,1032 Center Drive,,Mount Prospect,IL,60056,United States,(847) 737-5584,,,,,,
Lake Forest,,1050 N. Western Ave,,Lake Forest,IL,60045,United States,(847) 728-8700,,,,,,
La Grange,,6 N. Ashland Avenue,,La Grange,IL,60525,United States,(708) 793-7003,,,,,,
Glenview,,1464 Waukegan Road,,Glenview,IL,60025,United States,(847) 486-9100,,,,,,
Glen Ellyn,,862 Roosevelt Road,,Glen Ellyn,IL,60137,United States,(630) 984-6886,,,,,,
Geneva,,2401 Kaneville Road,,Geneva,IL,60134,United States,(630) 503-6818,,,,,,
Elmhurst,,"135 N. Addison Ave., Suite 100",,Elmhurst,IL,60126,United States,(331) 642-1500,,,,,,
Frankfort,,21000 S. LaGrange Rd.,,Frankfort,IL,60423,United States,(630) 394-5050,,,,,,
Evanston,,2800 Central Street,,Evanston,IL,60201,United States,(847) 491-9090,,,,,,
Edgebrook-Skokie,,5230 W Touhy Ave,,Skokie,IL,60077,United States,(847) 423-6060,,,,,,
Downers Grove - Westmont,,19 West Ogden Avenue,,Westmont,IL,60559,United States,(630) 326-3000,,,,,,
Chicago - Wicker Park/Bucktown,,1634 W North Ave,,Chicago,IL,60622,United States,(312) 757-1644,,,,,,
Chicago - Wrigleyville,,"3738 N Halsted, Unit #2",,Chicago,IL,60613,United States,(224) 252-0242,,,,,,
Chicago - South Loop,,1005 S. State Street,,Chicago,IL,60605,United States,(312) 734-1100,,,,,,
Chicago - West Loop,,823 W. Madison St.,,Chicago,IL,60607,United States,(773) 741-1600,,,,,,
Chicago - Roscoe Village,,3328 N Western Ave,,Chicago,IL,60618,United States,(312) 971-6223,,,,,,
Chicago - Old Town,,1513 N. Wells Street,,Chicago,IL,60610,United States,(312) 625-1204,,,,,,
Chicago - Logan Square,,2251 N. Milwaukee Avenue,,Chicago,IL,60647,United States,(312) 874-7227,,,,,,
Chicago - Lincoln Park,,2209 N. Halsted Street,,Chicago,IL,60614,United States,(312) 762-5556,,,,,,
Chicago - Lincoln Square,,4728 N Lincoln Avenue,,Chicago,IL,60625,United States,(312) 755-6650,,,,,,
Chicago - Edgewater,,1126 West Granville Ave,,Chicago,IL,60660,United States,(773) 234-0311,,,,,,
Bloomington,,"1500 E Empire St., A-13",,Bloomington,IL,61701,United States,(309) 434-5500,,,,,,
Boise-Parkcenter,,979 E Parkcenter Blvd.,,Boise,ID,83706,United States,208-246-8600,,,,,,
Meridian,,"2970 N Eagle Rd., Suite 105",,Meridian,ID,83646,United States,(208) 895-9076,,,,,,
Bannockburn,,2553 Waukegan Road,,Bannockburn,IL,60015,United States,(866) 601-0025,,,,,,
Waikiki,,"449 Kapahulu Ave., Suite 101",,Honolulu,HI,96815,United States,(808) 445-9227,,,,,,
Kapolei,,590 Farrington Highway,,Kapolei,HI,96707,United States,(808) 674-0590,,,,,,
West Cobb,,"3600 Dallas Highway, Suite 100",,Marietta,GA,30064,United States,(770) 876-4339,,,,,,
Woodstock,,"200 Parkbrooke Drive, Suite 140",,Woodstock,GA,30189,United States,(770) 833-4550,,,,,,
Kapiolani,,"1600 Kapiolani Blvd., Suite 107",,Honolulu,HI,96814,United States,(808) 377-6626,,,,,,
Suwanee - Brookwood,,"2615 Peachtree Parkway, Suite 230",,Suwanee,GA,30024,United States,(770) 688-0622,,,,,,
Sugarloaf Duluth,,2200 Peachtree Industrial Boulevard,,Duluth,GA,30097,United States,(678) 648-5600,,,,,,
Webb Gin,,"1250 Scenic Highway, Suite 1264",,Lawrenceville,GA,30045,United States,(770) 450-1234,,,,,,
Savannah,,"1800 East Victory Dr., Suite 2",,Savannah,GA,31404,United States,(912) 921-9519,,,,,,
Sugar Hill - Buford,,"5885 Cumming Highway, Suite 401",,Sugar Hill,GA,30518,United States,(678) 786-4120,,,,,,
Smyrna,,4495 W Village Way,,Smyrna,GA,30080,United States,678-539-9715,,,,,,
Stone Mountain,,1227 Rockbridge Road SW,,Stone Mountain,GA,30087,United States,(770) 604 1812,,,,,,
Roswell,,"625 W Crossville Road, Suite #108",,Roswell,GA,30075,United States,(770) 625-6122,,,,,,
Sandy Springs,,"5975 Roswell Road, Suite A113",,Atlanta,GA,30328,United States,(770) 905-2600,,,,,,
Peachtree City,,"130 Peachtree East Shopping Center, Suite 140",,Peachtree City,GA,30269,United States,(678) 263-3086,,,,,,
Peachtree Corners,,"5270 Peachtree Parkway, Suite 105",,Norcross,GA,30092,United States,(678) 786-4100,,,,,,
Northlake,,2152 Henderson Mill Road,,Atlanta,GA,30341,United States,(678) 679-3400,,,,,,
Newnan,,1731-A Newnan Crossing Blvd. East,,Newnan,GA,30265,United States,(470) 240-7787,,,,,,
Kennesaw,,"2555 Prado Ln., Suite 1400",,Marietta,GA,30066,United States,(770) 687-3625,,,,,,
Marietta South West,,"1750 Powder Springs Rd., Suite 270",,Marietta,GA,30064,United States,(678) 810-1814,,,,,,
East Cobb - Sandy Plains,,"2960 Shallowford Road, Suite 103",,Marietta,GA,30066,United States,404-326-9873,,,,,,
Johns Creek - Rivermont,,"8465 Holcomb Bridge Road, Suite 430",,Johns Creek,GA,30022,United States,(470) 388-3159,,,,,,
Hamilton Mill,,2463 Hamilton Mill Parkway,,Dacula,GA,30019,United States,(470) 443-1800,,,,,,
Howell Mill,,"857 Collier Road, Suite 15",,Atlanta,GA,30318,United States,(404) 455-0402,,,,,,
Evans,,4274 Washington Road,,Evans,GA,30809,United States,(706) 814-3024,,,,,,
Emory Point,,"855 Emory Point Drive, Suite 115",,Atlanta,GA,30329,United States,(404) 698-0251,,,,,,
East Cobb,,"1401 Johnson Ferry Road, Suite 320",,Marietta,GA,30062,United States,(678) 920-9455,,,,,,
Dunwoody,,2480 Jett Ferry Road  Suite 500,,Dunwoody,GA,30338,United States,(678) 580-8095,,,,,,
Douglasville,,"2750 Chapel Hill Road, Suite 100 & 200",,Douglasville,GA,30135,United States,(770) 755-8772,,,,,,
Decatur,,319 W. Ponce de Leon Ave.,,Decatur,GA,30030,United States,(770) 797-5080,,,,,,
Cumming,,"1735 Buford Highway, Suite 220",,Cumming,GA,30041,United States,(770) 887-2223,,,,,,
Cumberland,,"3000 Windy Hill Road, Suite 156",,Marietta,GA,30067,United States,(678) 701-5510,,,,,,
Columbus,,5592-B Whitesville Road,,Columbus,GA,31909,United States,(706) 905-1870,,,,,,
Windermere,,13450 Summerport Village Pkwy.,,Windermere,FL,34786,United States,(407) 895-7002,,,,,,
Chastain Park,,"4279 Roswell Road, Suite 501",,Atlanta,GA,30342,United States,(404) 434-2129,,,,,,
Buckhead,,3097 Piedmont Rd.,,Atlanta,GA,30305,United States,(404) 719-0170,,,,,,
Winter Garden,,2883–2887 Maguire Rd. Unit # A1004 and A1005,,Windermere,FL,34786,United States,(407) 895-7002,,,,,,
Athens,,196 Alps Road,,Athens,GA,30606,United States,(706) 521-0595,,,,,,
Brookhaven,,4260 Peachtree Rd.,,Atlanta,GA,30319,United States,(404) 772-8120,,,,,,
Alpharetta,,"3450 Old Milton Parkway, Ste. 210",,Alpharetta,GA,30005,United States,(770) 686-5352,,,,,,
Atlanta - Midtown,,"933 Peachtree St., Suite 939A",,Atlanta,GA,30309,United States,(404) 747-7107,,,,,,
Winter Park,,115 N. Orlando Ave.,,Winter Park,FL,32789,United States,(407) 915-3373,,,,,,
Weston,,1132 Weston Road,,Weston,FL,33326,United States,(954) 888-6660,,,,,,
Westchase,,11721 W. Hillsborough Ave.,,Tampa,FL,33635,United States,(813) 852-8009,,,,,,
West Palm Beach,,"1900 Okeechobee Blvd., Bay A-1",,West Palm Beach,FL,33409,United States,(561) 771-1180,,,,,,
West Melbourne,,1559 W. New Haven Avenue,,West Melbourne,FL,32904,United States,(321) 369-9169,,,,,,
Wellington,,2625 State Road 7,,Wellington,FL,33414,United States,(561) 296-0485,,,,,,
Vero Beach,,5240 US HWY 1,,Vero Beach,FL,32967,United States,(772) 205-3733,,,,,,
West Kendall,,14627 SW 56th St,,Miami,FL,33175,United States,(305) 615-1095,,,,,,
West Delray Beach,,"9097 West Atlantic Avenue, Suite 110",,Delray Beach,FL,33446,United States,(561) 376-1127,,,,,,
Tyrone,,1530 66th St. North,,St. Petersburg,FL,33710,United States,(727) 235-6998,,,,,,
St. Petersburg - Downtown,,640 1st Ave S.,,St. Petersburg,FL,33701,United States,(727) 513-5646,,,,,,
Stuart,,2303 SE Federal Hwy,,Stuart,FL,34994,United States,(772) 266-8344,,,,,,
Wesley Chapel,,"28210 Paseo Drive, Suite 110",,Wesley Chapel,FL,33543,United States,(813) 235-0664,,,,,,
Trinity,,12546 State Road 54,,Odessa,FL,33556,United States,(727) 500-1212 (CALL or TEXT),,,,,,
Tallahassee-North,,"1400 Village Square Blvd., Suite 26",,Tallahassee,FL,32312,United States,(850) 895-9683,,,,,,
Tallahassee,,"1321 Thomasville Road, Unit 1",,Tallahassee,FL,32303,United States,(850) 210-0503,,,,,,
University Park,,"5275 University Parkway, Unit 116",,Bradenton,FL,34201,United States,(941) 444-2435,,,,,,
St. Petersburg,,"5032 4th Street, North",,St. Petersburg,FL,33703,United States,(727) 897-5566,,,,,,
St. Augustine,,833 South Ponce de Leon Blvd. #1,,St. Augustine,FL,32084,United States,(904) 647-8088,,,,,,
South Sarasota,,6509 S. Tamiami Trail,,Sarasota,FL,34231,United States,(941) 444-2439,,,,,,
Royal Palm Beach,,"11021 Southern Blvd., S-130",,Royal Palm Beach,FL,33411,United States,(561) 753-8111,,,,,,
South Beach,,1115 5th Street,,Miami Beach,FL,33139,United States,(305) 695-0085,,,,,,
Palm Harbor,,"33645 US Highway, 19 North",,Palm Harbor,FL,34684,United States,(727) 288-9901,,,,,,
Port St. Lucie,,884 SW St. Lucie West Blvd.,,Port St. Lucie,FL,34986,United States,(772) 212-1470,,,,,,
Oviedo,,976 West Mitchell Hammock Rd. Suite 120,,Oviedo,FL,32765,United States,(407) 995-6222,,,,,,
Ponte Vedra Beach - Nocatee,,152 Capital Green Circle,,Ponte Vedra Beach,FL,32081,United States,(904) 900-7644,,,,,,
Pensacola,,5555 North Davis Highway,,Pensacola,FL,32503,United States,(850) 449-2232,,,,,,
Plantation,,10073 Cleary Boulevard,,Plantation,FL,33324,United States,(954) 693-8444,,,,,,
Pinecrest,,8511 SW 136th Street,,Miami,FL,33156,United States,(305) 232-7722,,,,,,
Pembroke Pines,,14918 Pines Blvd,,Pembroke Pines,FL,33027,United States,(954) 534-9949,,,,,,
Palm Beach Gardens East,,2612 PGA Blvd.,,Palm Beach Gardens,FL,33410,United States,(561) 859-0683,,,,,,
Palm Beach Gardens,,"6271 PGA Boulevard, #203",,Palm Beach Gardens,FL,33418,United States,(561) 702-2308,,,,,,
South Tampa,,115 South Dale Mabry,,Tampa,FL,33609,United States,(813) 356-0620,,,,,,
Orlando - Millenia,,4632 Millenia Plaza Way,,Orlando,FL,32839,United States,(407) 930-4200,,,,,,
Orlando - Waterford Park,,12301 Lake Underhill Road,,Orlando,FL,32828,United States,(407) 440-2906,,,,,,
Ocala,,"4414 SW College Rd., Suite 960",,Ocala,FL,34474,United States,(352) 433-0220,,,,,,
Oakleaf,,9610 Applecross Rd. Suite 102,,Jacksonville,FL,32222,United States,(904) 661-1958,,,,,,
North Melbourne,,"6395 Wickham Road, D301",,Melbourne,FL,32940,United States,(321) 800-4466,,,,,,
North Fort Lauderdale,,1759 East Commercial Blvd.,,Fort Lauderdale,FL,33334,United States,(954) 229-9800,,,,,,
Nona,,"9161 Narcoossee Road, Suite #104",,Orlando,FL,32827,United States,(407) 995-6220,,,,,,
Naples,,"7935 Airport Pulling Road, Unit 1",,Naples,FL,34109,United States,(239) 599-5650,,,,,,
N. St. Johns,,2851 CR 210,,Jacksonville,FL,32259,United States,(904) 671-7071,,,,,,
New Tampa,,17515 Preserve Walk Lane,,Tampa,FL,33647,United States,(813) 774-3488,,,,,,
Miami Shores,,9017 Biscayne Blvd,,Miami Shores,FL,33138,United States,(305) 615-1299,,,,,,
Lighthouse Point,,3778 Federal Highway,,Lighthouse Point,FL,33064,United States,(954) 781-0800,,,,,,
Miami Lakes,,15490-B NW 77th Ct,,Miami Lakes,FL,33016,United States,(305) 824-0420,,,,,,
Miramar,,12316 Miramar Parkway,,Miramar,FL,33025,United States,(954) 908-3636,,,,,,
Miami Design District,,89 NE 38th Street,,Miami,FL,33137,United States,(786) 667-3757,,,,,,
Miami - Bird Rd.,,7396 SW 40th St,,Miami,FL,33155,United States,(305) 264-0087,,,,,,
Largo,,"10500 Ulmerton Road, Suite 220",,Largo,FL,33771,United States,727-400-3933,,,,,,
Lakewood Ranch,,5496 Lena Rd.,,Bradenton,FL,34211,United States,(941) 444-2442,,,,,,
Lakeland,,1489 Town Center Dr.,,Lakeland,FL,33803,United States,863-226-1303,,,,,,
Lake Worth,,"6177 Jog Road, #9D",,Lake Worth,FL,33467,United States,(561) 327-6100,,,,,,
Lake Mary,,"3801 W Lake Mary Blvd., Unit 161",,Lake Mary,FL,32746-6161,United States,(407) 833-9300,,,,,,
Jupiter,,"6390 W. Indiantown Road, Suite 24A",,Jupiter,FL,33458,United States,(561) 743-7770,,,,,,
Jacksonville - Mandarin,,11111 San Jose Blvd.,,Mandarin,FL,32223,United States,(904) 886 - 3377,,,,,,
Jacksonville Beach,,3994 Third Street,,Jacksonville Beach,FL,32250,United States,(904) 238-5272,,,,,,
Jacksonville - Hodges Pointe,,"13500 Beach Boulevard, Suite 30",,Jacksonville,FL,32224,United States,(904) 238-5272,,,,,,
Jensen Beach,,4211 NW Federal Hwy.,,Jensen Beach,FL,34957,United States,(772) 631-8244,,,,,,
Jacksonville - Ortega,,"4495 Roosevelt Blvd, Suite 318",,Jacksonville,FL,32210,United States,(904) 328-6905,,,,,,
Jacksonville - Southside,,"9734 Deer Lake Court, Suite 6 & 7",,Jacksonville,FL,33246,United States,(904) 238-5272,,,,,,
Hunters Creek,,1021 W. Osceola Pkwy,,Kissimmee,FL,34741,United States,(407) 720-4646,,,,,,
Hollywood,,3251 Hollywood Blvd,,Hollywood,FL,33021,United States,(954) 591-8053,,,,,,
Gainesville,,2005 Northwest 43rd St.,,Gainesville,FL,32605,United States,(352) 559-3937,,,,,,
Gainesville SW,,"3205 Clark Butler Blvd., Suite 20",,Gainesville,FL,32608,United States,(352) 242-0020,,,,,,
Fort Myers - Gladiolus,,"11600 Gladiolus Drive, Unit 317",,Fort Myers,FL,33908,United States,(239) 243-0730,,,,,,
Fort Myers - Six Mile Cypress,,8001 Dani Drive,,Fort Myers,FL,33966,United States,(239) 292-5826,,,,,,
Dr. Phillips,,"7343 Sand Lake Road, Suite 1001",,Orlando,FL,32819,United States,(407) 982-2822,,,,,,
Fort Lauderdale,,1835 Cordova Road,,Fort Lauderdale,FL,33316,United States,(954) 765-6014,,,,,,
Fleming Island,,1615-100 County Road 220,,Fleming Island,FL,32203,United States,(904) 238-5272,,,,,,
Downtown Miami - Vizcayne,,269 NE 2nd Street,,Miami,FL,33132,United States,(786) 431-0294,,,,,,
Downtown Sarasota,,1605 Main St,,Sarasota,FL,34236,United States,(941) 444-2440,,,,,,
Downtown Dadeland,,"9045 SW 72nd Place, Suite E150C",,Kendall,FL,33156,United States,(305) 222-7400,,,,,,
Delray Beach,,3100 S Federal Hwy #1,,Delray Beach,FL,33483-3222,United States,(561) 274-2550,,,,,,
Country Walk,,"13550 SW 120th Street, Suite 402",,Miami,FL,33186,United States,(305) 254-2OTF (2683),,,,,,
Doral,,3887 N.W. 107th Avenue,,Doral,FL,33178,United States,(305) 468-8028,,,,,,
Cutler Bay,,18455 South Dixie Hwy,,Cutler Bay,FL,33157,United States,(305) 234-1141,,,,,,
Coral Springs - Parkland,,6230 Coral Ridge Drive,,Coral Springs,FL,33076,United States,(954) 345-7518,,,,,,
Coral Springs South,,1308 Coral Ridge Drive,,Coral Springs,FL,33071,United States,(954) 800-2721,,,,,,
Coral Gables,,2300 Salzedo St.,,Coral Gables,FL,33134,United States,(305) 460-6006,,,,,,
Cooper City,,5874 S Flamingo Rd,,Cooper City,FL,33330,United States,(954) 434-6244,,,,,,
Clearwater,,25853 U.S. 19 N,,Clearwater,FL,33763,United States,(727) 288-9897,,,,,,
Clermont,,13900 County Rd 455,,Clermont,FL,34711,United States,407) 910-2333,,,,,,
Colonial - Downtown Orlando,,2714 E Colonial Drive,,Orlando,FL,32803,United States,(407) 898-1888,,,,,,
Channelside,,140 S. Meridian Avenue,,Tampa,FL,33602,United States,(813) 513-9845,,,,,,
Coconut Creek,,"4449 Lyons Road, J-103",,Coconut Creek,FL,33073,United States,(954) 510-9400,,,,,,
West Boca Raton,,"8903 Glades Rd, Ste H13",,Boca Raton,FL,33434,United States,(561) 488-1955,,,,,,
Celebration,,49 Blake Blvd.,,Celebration,FL,34747,United States,(407) 613-2161,,,,,,
Boyton Beach,,"395 N Congress Avenue, Unit 10",,Boynton Beach,FL,33426,United States,(561) 734-6777,,,,,,
Carrollwood,,13122 N Dale Mabry Hwy,,Tampa,FL,33618,United States,(813) 964-3194,,,,,,
Central Fort Lauderdale,,2354 N. Federal Hwy,,Fort Lauderdale,FL,33305,United States,(954) 372-2361,,,,,,
Brandon,,2052 Badlands St,,Brandon,FL,33511,United States,(813) 774-3800,,,,,,
Boca Raton – East,,10 E. Palmetto Park Rd.,,Boca Raton,FL,33432,United States,(561) 571-7740,,,,,,
Boca Raton - Central,,2240 NW 19th Street,,Boca Raton,FL,33431,United States,(561) 750-0900,,,,,,
Pike Creek,,4754 Limestone Road,,Wilmington,DE,19808,United States,(302) 426-2030,,,,,,
Aventura,,"18839 NE Biscayne Boulevard, Suite A",,Aventura,FL,33180,United States,(305) 400-0544,,,,,,
Altamonte Springs,,"397 East Altamonte Drive, Suite 1450",,Altamonte Springs,FL,32701,United States,(321) 800-3004,,,,,,
Talleyville,,4120 Concord Pike,,Talleyville,DE,19803,United States,(302) 449-9448,,,,,,
14th Street,,1925 14th Street NW Suite C,,Washington,DC,20009,United States,(202) 869-1700,,,,,,
Tenleytown,,4600 Wisconsin Street NW,,Washington,DC,20016,United States,(202) 516-8147,,,,,,
Mount Vernon Triangle / Shaw,,"425 I Street, NW",,Washington,DC,20001,United States,(202) 469-1035,,,,,,
Navy Yard,,82 I Street SE,,Washington,DC,20003,United States,(202) 688-0099,,,,,,
Westport,,645 Post Road East,,Westport,CT,06880,United States,(203) 883-9262,,,,,,
Milford,,1682 Boston Post Road,,Milford,CT,06460,United States,(203) 872-BURN,,,,,,
Fairfield,,525 Tunxis Hill Cut Off,,Fairfield,CT,06825,United States,(203) 883-8220,,,,,,
Shelton,,"704 Bridgeport Ave, Suite #201",,Shelton,CT,06484,United States,(203) 343-0900,,,,,,
Norwalk,,205 Main Street,,Norwalk,CT,06851,United States,(203) 883-6070,,,,,,
North Danbury,,7 Eagle Road,,Danbury,CT,06810,United States,(203) 409-2020,,,,,,
West Hartford,,345 N. Main Street,,West Hartford,CT,06117,United States,(860) 288-5501,,,,,,
Uptown Denver,,"450 E. 17th Ave., Unit 128",,Denver,CO,80203,United States,(720) 485-4518,,,,,,
Lowry,,"200 Quebec St., Bldg. 700, Unit 101",,Denver,CO,80230,United States,(303) 366-3311,,,,,,
Parker,,17051 Lincoln Ave,,Parker,CO,80134,United States,(720) 636-8606,,,,,,
Stapleton,,7349 East 29th Avenue,,Denver,CO,80238,United States,(303) 388-3600,,,,,,
Washington Park,,"999 S. Logan Street, Suite 100",,Denver,CO,80209,United States,(303) 722-0544,,,,,,
Aurora Southeast,,4211 South Buckley Road,,Aurora,CO,80013,United States,(303) 645-4292,,,,,,
Southglenn,,"6860 S University Blvd., Unit 140",,Centennial,CO,80122,United States,(303) 741-2247,,,,,,
Littleton,,8555 W. Belleview Ave.,,Littleton,CO,80123,United States,(303) 979-6878,,,,,,
Union Station/LoDo,,"1400 Wewatta St., Suite 110",,Denver,CO,80202,United States,(303) 573-3925,,,,,,
Highlands Ranch,,9559 S. University Boulevard,,Highlands Ranch,CO,80126,United States,(303) 683-3312,,,,,,
Fort Collins,,"2261 East Drake Road, Suite 140",,Fort Collins,CO,80525,United States,(970) 632-2020,,,,,,
Glendale,,"760 S. Colorado Blvd., Unit C",,Glendale,CO,80246,United States,(303) 996-8854,,,,,,
Highlands,,"3300 W 32nd Avenue, Suite 101",,Denver,CO,80211,United States,(720) 409-9509,,,,,,
Denver Tech Center,,6770 East Chenango Avenue,,Denver,CO,80237,United States,(720) 504-1015,,,,,,
Colorado Springs - Stetson Hills,,5990 Stetson Hills Blvd.,,Colorado Springs,CO,80923,United States,(719) 632-3777,,,,,,
Colorado Springs - Academy,,7469 N Academy Blvd.,,Colorado Springs,CO,80920,United States,(719) 204-4442,,,,,,
Cherry Hills,,5010 E Hampden Avenue,,Denver,CO,80222,United States,(303) 757-8888,,,,,,
Arvada,,"8031 Wadsworth Blvd.,  Suite A-2",,Arvada,CO,80003,United States,(303) 647-1515,,,,,,
Centennial East,,15735 E Arapahoe Rd Unit 2,,Centennial,CO,80016-1780,United States,(303) 645-4290,,,,,,
Broomfield,,1285 E 1st Avenue,,Broomfield,CO,80020,United States,(303) 469-4019,,,,,,
Castle Rock,,"3990 Limelight Avenue, Unit F",,Castle Rock,CO,80109,United States,(303) 747-4003,,,,,,
Woodland Hills,,21841 Ventura Blvd.,,Woodland Hills,CA,91367,United States,(818) 805-0900,,,,,,
Boulder,,1850 29th Street,,Boulder,CO,80301,United States,(303) 530-9663,,,,,,
Belmar,,"7700 W Virginia Avenue, Ste A",,Lakewood,CO,80226,United States,(720) 402-3888,,,,,,
Applewood,,"3244 Youngfield St, Suite A",,Wheat Ridge,CO,80033,United States,(720) 307-5007,,,,,,
West Hollywood,,7950 West Sunset Blvd.,,Los Angeles,CA,90046,United States,(323) 282-5595,,,,,,
Thousand Oaks - Westlake,,3755 E. Thousand Oaks Boulevard,,Westlake Village,CA,91362,United States,(805) 715-3800,,,,,,
Tustin - The Market Place,,2865 El Camino Real,,Tustin,CA,92782,United States,(949) 864-6264,,,,,,
Walnut Creek,,1531 Locust Street,,Walnut Creek,CA,94596,United States,(925) 278-6313,,,,,,
Torrance,,"3730 Pacific Coast Highway, Unit 101",,Torrance,CA,90505,United States,(310) 948-3845,,,,,,
Temecula,,32435 Temecula Parkway,,Temecula,CA,92592,United States,(951) 395-5415,,,,,,
Thousand Oaks - Newbury Park,,"1714 Newbury Rd., Suite T",,Newbury Park,CA,91320,United States,(805) 764-1010,,,,,,
Solano - Albany,,1495 Solano Ave.,,Albany,CA,94706,United States,(510) 560-4020,,,,,,
Santa Barbara - Goleta,,5700 Calle Real,,Goleta,CA,93117,United States,(805) 699-5551,,,,,,
Sherman Oaks,,14006 Riverside Drive,,Sherman Oaks,CA,91423,United States,(818) 405-0001,,,,,,
Santa Rosa,,733 Coddingtown Center #745B,,Santa Rosa,CA,95401-3510,United States,(707) 331-1270,,,,,,
Santa Monica,,1431 2nd Street,,Santa Monica,CA,90401,United States,(310) 730-1399,,,,,,
Santa Clarita,,25914 McBean Parkway,,Santa Clarita,CA,91355,United States,(661) 505-9860,,,,,,
San Mateo,,101 S B St,,San Mateo,CA,94401,United States,(650) 487-0404,,,,,,
San Jose - Willow Glen,,1331 Lincoln Ave.,,San Jose,CA,95125,United States,(408) 297-2425,,,,,,
San Jose - Rose Garden,,1360 The Alameda,,San Jose,CA,95126,United States,(408) 912-1992,,,,,,
San Jose - Communication Hill,,551 W. Capitol Expressway,,San Jose,CA,95136,United States,(408) 680-2048,,,,,,
San Diego - Eastlake,,2015 Birch Rd #1701,,Chula Vista,CA,91915,United States,619-642-2400,,,,,,
San Francisco - Financial District,,"343 Sansome St., Suite 125",,San Francisco,CA,94104,United States,(415) 569-2050,,,,,,
San Diego – Solana Beach,,667 San Rodolfo Drive Suite #126,,Solana Beach,CA,92075,United States,(858) 275-6200,,,,,,
San Diego - Bankers Hill,,2665 5th Avenue,,San Diego,CA,92101,United States,(619) 363-4040,,,,,,
Rohnert Park,,600 Raley’s Towne Centre,,Rohnert Park,CA,94928,United States,(707) 343-8004,,,,,,
San Diego - Del Sur,,"16445 Paseo Del Sur, Suite E-105",,San Diego,CA,92127,United States,(858) 257-1777,,,,,,
San Clemente,,802 Avenida Pico,,San Clemente,CA,92672,United States,(949) 485-4885,,,,,,
Rocklin,,711 Pleasant Grove Blvd. Suite 100 and 120,,Roseville,CA,95678,United States,(916) 245-9005,,,,,,
Sacramento - Midtown,,"2901 K St., Suite 190",,Sacramento,CA,95816,United States,(916) 836-8383,,,,,,
Roseville,,"2030 Douglas Boulevard, Suite 39",,Roseville,CA,95661,United States,(916) 771-4683,,,,,,
Rancho Cucamonga,,"12273 Highland Ave., Suite 132",,Rancho Cucamonga,CA,91739,United States,(909) 922-2988,,,,,,
Redondo Beach,,409 North Pacific Coast Highway Suite 205,,Redondo Beach,CA,90277,United States,(424) 400-7433,,,,,,
Rancho Santa Margarita,,"22401 Antonio Pkwy., Suite D-200",,Rancho Santa Margarita,CA,92688,United States,(949) 424-8884,,,,,,
Redwood City,,236 Redwood Shores Parkway,,Redwood City,CA,94065,United States,(650) 562-6577,,,,,,
Petaluma,,401 Kenilworth Drive Suites 310/320,,Petaluma,CA,94952,United States,(707) 345-1160,,,,,,
Poway,,12207 Poway Road,,Poway,CA,92064,United States,(858) 999-3004,,,,,,
Point Loma,,3980 W. Point Loma Blvd.,,San Diego,CA,92110,United States,(858) 216-2020,,,,,,
Pinole,,1400 Pinole Valley Road,,Pinole,CA,94564,United States,(510) 777-0600,,,,,,
Palo Alto,,"2190 W. Bayshore Road, Suite 150",,Palo Alto,CA,94303,United States,(650) 328-1550,,,,,,
Palm Desert,,73-470 El Paseo,,Palm Desert,CA,92260,United States,(760) 624-8010,,,,,,
Pasadena,,2091 East Colorado Blvd.,,Pasadena,CA,91107,United States,(626) 788-9755,,,,,,
Northridge,,9201-C Winnetka Avenue,,Chatsworth,CA,91311,United States,(818) 956-0005,,,,,,
Orange,,"1500 E Village Way, Suite 2340",,Orange,CA,92865,United States,(714) 978-4040,,,,,,
Newport Beach,,1040 Irvine Avenue,,Newport Beach,CA,92660,United States,(949) 630-0555,,,,,,
Novato,,975 Diablo Blvd.,,Novato,CA,94947,United States,(415) 761-1119,,,,,,
Natomas,,"3270 Arena Blvd., Suite 510",,Sacramento,CA,95834,United States,(916) 283-4683,,,,,,
Morgan Hill,,50 East Third Street,,Morgan Hill,CA,95037,United States,(408) 762-5858,,,,,,
Mission Bay,,215 King Street,,San Francisco,CA,94107,United States,(415) 569-2051,,,,,,
Mission Viejo,,"26012 Marguerite Parkway, Suite P",,Mission Viejo,CA,92692,United States,(949) 335-7600,,,,,,
Mission Valley,,"7510 Hazard Center Drive, Suite 401",,San Diego,CA,92108,United States,(858) 248-8444,,,,,,
Melrose,,640 N. La Brea Ave,,Los Angeles,CA,90038,United States,(323) 450-2200,,,,,,
Los Gatos,,16250 Los Gatos Blvd.,,Los Gatos,CA,95032,United States,(408) 384-4220,,,,,,
Long Beach - Marina,,6620 E Pacific Coast Hwy,,Long Beach,CA,90803,United States,(562) 475-4788,,,,,,
Laguna Niguel,,24034 Aliso Creek Rd,,Laguna Niguel,CA,92677,United States,949-667-9999,,,,,,
Huntington Beach - Brookhurst,,10036 Adams Ave.,,Huntington Beach,CA,92646,United States,(714) 489-8800,,,,,,
La Mesa,,8322 Parkway Dr.,,La Mesa,CA,91942,United States,(619) 916-5999,,,,,,
Lafayette,,3517 Mt. Diablo Blvd.,,Lafayette,CA,94549,United States,(925) 299-9800,,,,,,
La Jolla,,"7734 Girard Avenue, #C",,La Jolla,CA,92037,United States,(858) 551-8750,,,,,,
Irvine,,5675 Alton Parkway,,Irvine,CA,96218,United States,(949) 439-2633,,,,,,
Greenbrae - Marin,,230 Bon Air Center,,Greenbrae,CA,94904,United States,(415) 481-0876,,,,,,
Glendale,,101 N. Brand Suite 140,,Glendale,CA,91203,United States,(818) 398-7155,,,,,,
Foothill Ranch,,27482 Portola Parkway,,Foothill Ranch,CA,92610,United States,(949) 899-8181,,,,,,
Fresno,,7735 N. Blackstone Ave. Ste. 106-112,,Fresno,CA,93720,United States,(559) 326-9255,,,,,,
Encinitas,,"215 S. El Camino Real, Suite A",,Encinitas,CA,92024,United States,(760) 297-4545,,,,,,
Folsom,,"230 Palladio Parkway, Suite 1221",,Folsom,CA,95630,United States,(916) 790-6810,,,,,,
Emeryville,,5959 Shellmound St.,,Emeryville,CA,94608,United States,(510) 560-4565,,,,,,
El Dorado Hills,,"4356 Town Center Blvd., Suite 120",,El Dorado Hills,CA,95762,United States,(916) 790-6810,,,,,,
Elk Grove,,"9610 Bruceville Rd., Suite 102",,Elk Grove,CA,95757,United States,(916) 226-2683,,,,,,
Eastvale,,12459 Limonite Avenue,,Mira Loma,CA,91752,United States,(951) 681-8890,,,,,,
Dublin - Persimmon Place,,5258 Dublin Blvd,,Dublin,CA,94568,United States,(925) 587-5182,,,,,,
Downtown Sunnyvale,,155 S Frances Street,,Sunnyvale,CA,94086,United States,(408) 508-6724,,,,,,
Corona Del Mar,,3021 E Pacific Coast Hwy.,,Corona Del Mar,CA,92625,United States,(949) 491-8700,,,,,,
Corona,,"2540 Tuscany Street, #102-103",,Corona,CA,92881,United States,(951) 683-9662,,,,,,
Chino Hills,,"4525 Chino Hills Parkway, Shop-7",,Chino Hills,CA,91709,United States,(909) 906-1771,,,,,,
Concord,,"5100 Clayton Road, Suite B3",,Concord,CA,94521,United States,(925) 304-6556,,,,,,
Chico,,874 East Avenue,,Chico,CA,95926,United States,(530) 722-4000,,,,,,
Carmel Valley,,11155 E Ocean Air Drive,,San Diego,CA,92130,United States,(858) 207-3131,,,,,,
Carlsbad,,1820 Marron Road Suite 104,,Carlsbad,CA,92008,United States,(760) 517-9090,,,,,,
Capitola,,"1501 41st Avenue, Suite N",,Capitola,CA,95010,United States,(831) 359-4227,,,,,,
Brentwood - Norcal,,"2565 Sand Creek Road, Suite 132",,Brentwood,CA,94513,United States,(925) 392-3923,,,,,,
Campbell,,1725 S. Bascom Ave,,Campbell,CA,95008,United States,(408) 684-8662,,,,,,
Brentwood - LA,,"11661 San Vicente Boulevard, Suite 103",,Los Angeles,CA,90049,United States,(310) 694-5656,,,,,,
Brea,,3461 E. Imperial Highway,,Brea,CA,92823,United States,(714) 510-5100,,,,,,
Berkeley,,2475 Shattuck Avenue,,Berkeley,CA,94704,United States,(510) 849-6404,,,,,,
S. Anchorage,,345 W 104th Ave.,,Anchorage,AK,99515,United States,(907) 519-0077,,,,,,
Alamo,,170C Alamo Plaza,,Alamo,CA,94507,United States,(925) 378-5610,,,,,,
Alameda,,2610 Fifth Street,,Alameda,CA,94501,United States,(510) 927-4414,,,,,,
Rogers,,5201 W Pauline Whitaker Pkwy,,Rogers,AR,72758,United States,(888) 723-7090,,,,,,
Little Rock - Midtown,,6813 Cantrell Road,,Little Rock,AR,72207,United States,(800) 203-2776,,,,,,
Tucson - Casas Adobes,,7057 N Oracle Rd.,,Tucson,AZ,85704,United States,(520) 838-0066,,,,,,
Little Rock West,,"16900 Chenal Parkway, Suite 110",,Little Rock,AR,72223,United States,(501) 817-3166,,,,,,
South Mountain,,2485 E Baseline Road Suite 152,,Phoenix,AZ,85042,United States,(602) 362-6835,,,,,,
Tempe,,1855 E. Guadalupe Rd. Suite A-102,,Tempe,AZ,85283,United States,(480) 300-5683,,,,,,
Tucson - Foothills,,"5575 E. River, Suite 101",,Tucson,AZ,85750,United States,(520) 777-3221,,,,,,
Tucson - East,,"6307 E Broadway Blvd., Suite 151",,Tucson,AZ,85710,United States,(520) 265-5222,,,,,,
South Chandler,,"4850 S. Gilbert Rd., Suite 7",,Chandler,AZ,85249,United States,(480) 794-1055,,,,,,
Scottsdale Ranch,,"9301 E. Shea Blvd., Suite 114",,Scottsdale,AZ,85260,United States,(480) 551-1111,,,,,,
Scottsdale North,,23757 N. Scottsdale Road Suite 125,,Scottsdale,AZ,85255,United States,(480) 447-4997,,,,,,
Scottsdale,,"7000 E Mayo Blvd., Suite 1016",,Phoenix,AZ,85054-6152,United States,(480) 473-5593,,,,,,
Queen Creek,,"20715 E Rittenhouse Road, Suite 102",,Queen Creek,AZ,85142,United States,(480) 646-3395,,,,,,
Paradise Valley - Phoenix,,"10810 North Tatum Boulevard, Suite 108",,Phoenix,AZ,85028,United States,(602) 493-2002,,,,,,
Pecos Ranch - Chandler,,"1900 West Germann Road, Suite 6",,Chandler,AZ,85286,United States,(480) 699-6115,,,,,,
Surprise,,16846 W Bell Rd.,,Surprise,AZ,85734,United States,(623) 556-8944,,,,,,
Moon Valley,,"753 East Bell Road, Suite 11",,Phoenix,AZ,85022,United States,(602) 843-8808,,,,,,
Old Town Scottsdale,,"7620 E. Indian School Road, Suite 107",,Scottsdale,AZ,85251,United States,(480) 405-2683,,,,,,
Tuscaloosa,,1451 Dr. Edward Hillard Drive,,Tuscaloosa,AL,35404,United States,(205) 464-9637,,,,,,
Vestavia Hills,,"790 Montgomery Hwy, Suite 132",,Vestavia Hills,AL,35216,United States,(205) 823-5700,,,,,,
Montgomery,,1645 Perry Hill Road,,Montgomery,AL,36106,United States,(334) 409-2007,,,,,,
Dothan,,100 Apple Avenue Suite 3,,Dothan,AL,36303,United States,334-232-8993,,,,,,
Inverness,,210 Inverness Corners,,Birmingham,AL,35242,United States,(205) 991-9700,,,,,,
Mobile,,3664-B Airport Blvd,,Mobile,AL,36608,United States,(251) 340-7525,,,,,,
Huntsville,,"930 Bob Wallace Ave. SW, Suite 229",,Huntsville,AL,35801,United States,(256) 534-4344,,,,,,
Hoover,,"4441 Creekside Avenue, Ste 141",,Hoover,AL,35244,United States,(205) 989-4357,,,,,,
Downtown Birmingham,,117 20th Street South,,Birmingham,AL,35233,United States,(205) 716-2111,,,,,,
Daphne,,6900 US HWY 90,,Daphne,AL,36526,United States,(251) 626-3767,,,,,,
